plastic,paper,cardboard,organic,metal,trees_saved,water_saved,co2_saved
40.46123871,12.3142904,21.32789023,9.465196514,16.43138415,12,1.505259427,247.7144623
13.03729333,11.21952369,27.03010885,21.58581961,27.12725451,16,1.061125086,228.0737747
27.49368417,37.21341338,7.132084775,4.370069854,23.79074782,15,1.522617166,264.0974437
2.590299914,3.678688209,56.28201559,1.33126472,36.11773157,9,1.53314996,328.9903479
7.709372583,49.71718355,16.07606026,8.834755304,17.6626283,13,1.524761103,261.9283063
6.173983742,10.65956127,1.560691488,74.49318893,7.112574566,12,1.00195564,358.3479634
9.478634713,27.42628649,10.01746349,39.66709736,13.41051794,14,1.14949871,205.1029007
26.34852222,2.355850057,38.78691247,27.57847569,4.930239565,11,1.271840097,249.0159623
3.033162508,7.346300389,72.11823262,5.735083334,11.76722115,10,0.788747387,231.3470666
0.589420033,9.789139411,16.38005535,59.17902068,14.06236452,11,1.678476062,195.7429228
45.24679409,20.96206747,1.10189625,10.01201495,22.67722724,11,1.19631704,242.3458133
52.76592318,34.38428073,4.547882673,4.361405312,3.940508108,14,1.285178366,270.8664651
35.69686352,26.73017193,20.81316893,6.962073319,9.797722298,10,1.026898668,276.211509
34.8341745,16.30678795,39.24335102,1.728273251,7.88741328,11,0.801936732,358.5226089
40.99675899,26.23644031,10.35276621,13.7120925,8.701941987,8,1.018791034,273.2233735
23.13580279,26.27637033,24.69217958,21.974956,3.920691293,14,1.265761256,307.5068402
12.67320831,19.49899114,12.34189246,43.2100387,12.27586938,15,1.402028644,253.3047123
2.578797674,8.827057787,67.7378144,4.438080659,16.41824948,11,1.248537462,333.90278
17.50336716,2.272898306,20.64528907,37.36735816,22.21108731,11,1.304017205,369.9224643
35.94980856,5.960786246,1.576704472,48.20712478,8.305575943,13,1.098892088,276.5542565
20.3255282,37.15551599,9.276296574,29.79953594,3.443123299,15,1.34887457,200.3670492
9.347580473,4.243714817,45.26260754,6.837695249,34.30840192,13,1.64484986,222.5597489
53.05587029,13.8704339,14.35660469,11.42664747,7.290443646,11,1.411436833,264.0967152
6.093217532,8.714419317,40.28224561,26.20769794,18.7024196,9,1.442862566,272.8249018
33.04823055,9.478832254,16.09768019,33.87509409,7.500162915,10,1.28820492,284.9212567
36.40646036,5.995223157,10.2506775,13.79992992,33.54770907,12,0.749053479,273.0098841
6.681349049,32.65150435,17.52139426,7.448415238,35.69733711,11,0.886600041,250.3492458
20.64331584,27.7916336,10.01870365,16.86440522,24.68194169,12,1.33646274,218.1900779
8.591712208,3.660045427,53.97509763,11.85769923,21.9154455,11,1.196718284,270.0569131
18.88800373,15.65205503,18.65355817,18.7760771,28.03030597,10,1.331952866,342.7493679
31.52886882,27.6433688,5.821563695,27.55723158,7.44896711,10,1.702927025,300.9964303
2.519018496,50.40247634,17.35159769,20.12727615,9.599631331,15,1.4178108,276.7351975
28.00649467,11.87153183,17.13181224,5.372486149,37.61767511,14,1.577665862,301.4783462
38.31249825,42.91775157,4.215862502,7.050303287,7.503584389,15,1.228404417,231.4467986
11.78310556,72.11944486,1.208461595,2.951824194,11.93716379,13,0.957835297,224.5867427
7.636796978,9.034048989,54.76972162,28.36122599,0.198206417,11,1.182640152,212.6107448
15.82585278,14.78541681,3.413174719,31.80932017,34.16623553,15,0.958574456,243.7356689
17.38538051,17.76036271,0.00071969,41.92391646,22.92962063,12,1.667488487,228.8997052
27.40630958,0.1844105,31.76596551,19.41093715,21.23237726,12,1.437117323,310.413737
1.475447248,20.22488873,48.46548257,17.09891816,12.73526329,12,1.356153749,226.2338291
37.52873284,7.540412346,11.78631672,8.337299739,34.80723836,6,1.570782961,209.8639142
1.806565625,15.87499217,26.51352826,35.83613031,19.96878364,15,0.593983076,347.1288589
40.97001277,48.68478924,1.136783207,8.802499737,0.405915047,13,1.376441385,227.4312384
7.139708342,13.7528651,43.18082294,33.48970778,2.436895828,13,0.806806265,257.6764229
2.242737452,20.43718979,17.44506903,7.11457777,52.76042596,12,1.19782329,272.5661412
36.58955704,7.188454193,30.836721,6.75922715,18.62604061,12,1.106487722,193.1653441
12.10363367,2.449619224,49.26800158,11.33862392,24.84012161,11,1.398520984,311.7741885
18.75817713,0.781443938,4.343541127,28.10755811,48.00927969,13,1.268456187,281.855952
8.687359636,25.34451712,25.56595411,25.94417249,14.45799665,9,1.603535152,327.9192006
56.98022092,15.53622783,13.83750403,5.14281271,8.503234504,12,1.019430852,216.0389031
1.365127782,31.68034311,9.017331881,11.44410712,46.49309011,13,1.412734317,254.9562896
15.92479865,11.14307189,7.441092926,59.90908157,5.581954965,12,1.248666965,251.9677877
11.75907797,13.75077869,22.61248402,19.5081753,32.36948402,13,0.709412919,263.1944247
3.736667549,28.69633197,26.82628907,12.88253656,27.85817486,10,0.924415062,177.2692626
9.387120726,18.68449431,27.59402155,12.14936612,32.18499729,10,1.15503659,255.5418189
25.00010916,20.92219199,47.53942612,1.464542758,5.073729961,12,1.533687735,178.6768044
8.141393666,43.06878279,19.22979657,1.387715607,28.17231137,13,1.339116917,267.9167036
27.76586694,19.8893859,36.1623874,10.90709137,5.275268391,8,0.849749753,143.5675438
11.78322515,13.07158997,12.69320561,13.67335385,48.77862542,13,1.157905132,157.4206583
25.82811018,23.16117999,17.95570766,31.90327913,1.151723037,11,1.805341935,290.9274358
6.226256288,13.81079048,37.88232309,14.21956558,27.86106456,12,1.233367,222.6580772
6.314622872,12.27797604,55.54032518,7.5973,18.26977591,9,1.101802327,200.6070963
9.499106499,13.29214865,38.0365742,14.1582033,25.01396735,10,1.347521892,313.5422811
2.31903134,36.00955908,10.17302127,23.03160293,28.46678537,14,1.429017924,266.3813109
5.719081121,52.50138886,23.27796074,13.60866586,4.892903409,12,1.063149496,293.6045098
43.45969407,21.43303232,3.553315277,6.277862854,25.27609548,11,1.350772432,241.6878964
23.92652947,29.19273958,11.70445851,25.35028616,9.825986278,12,1.101333151,383.9814347
3.982560817,16.80664064,62.59874433,6.241530005,10.37052421,13,1.415798281,219.774307
21.35228214,14.85525747,35.32300087,27.32521821,1.144241313,13,1.250907947,337.2247775
50.26333954,10.87644187,15.53913389,8.206316401,15.11476829,12,1.344590348,246.931698
4.04930223,14.51414202,71.01948697,7.649734792,2.767333979,14,0.972244936,167.2744803
23.43529573,27.25673398,2.680965361,29.09564717,17.53135776,14,0.953614085,274.1424373
20.38186012,49.23546434,15.08726686,5.987448707,9.307959976,13,1.483649191,265.7381281
12.7059689,13.68717167,29.57811277,28.30253584,15.72621083,12,1.176181086,197.4339093
38.62717098,5.418856215,1.307196904,52.64731164,1.999464255,13,1.285510423,203.8890361
6.376844301,26.75413575,11.85650568,47.04826541,7.964248867,13,1.108081372,248.7651178
0.483608001,14.48154557,34.94437591,19.09370402,30.9967665,14,1.469618032,267.4873908
33.45429715,38.94876616,4.944027995,9.915813554,12.73709514,14,1.017657006,126.4668359
25.66617264,56.73989159,2.313226985,11.18822753,4.092481253,10,1.159319628,302.6560726
0.613237362,0.700188166,46.49305785,50.47398145,1.719535164,10,1.435797844,225.2751013
40.44897755,12.12594306,28.58642898,12.46880869,6.369841729,11,1.55189031,183.4126258
21.04676972,10.63990304,30.80570185,8.923437057,28.58418834,14,1.042872213,297.0533276
4.988351519,32.3828416,40.84690535,3.407676489,18.37422504,9,1.787905195,248.819101
2.65276269,32.90336669,11.08166714,27.06521041,26.29699307,13,1.293972508,310.8082888
33.33839683,10.28514708,11.29488157,6.63211048,38.44946404,13,0.887121521,271.8976131
24.91077989,5.575405738,30.84765496,9.396300195,29.26985922,14,1.310715615,249.9242749
45.02372979,5.444734292,31.41523369,8.93195874,9.184343488,12,1.085100236,242.3635028
11.11313641,40.88488505,8.25692015,0.028654481,39.71640391,9,1.330220546,274.135638
11.08864589,6.51727095,16.01503791,28.22244969,38.15659556,10,1.187143126,229.3234371
0.813511473,62.91033761,22.46386548,6.965221169,6.847064265,10,1.222282107,207.3713706
15.22581373,25.17605319,4.048539968,5.356764474,50.19282864,11,0.926521987,280.4954561
6.836263737,11.04560905,47.33785075,25.12562092,9.654655544,12,1.497018369,242.7756079
23.7502558,0.410180472,27.4516856,13.77296802,34.61491011,10,0.85316179,251.6783824
33.40965967,28.09279867,25.92144625,7.753150579,4.822944835,15,0.867370531,304.4689918
9.356385273,17.51230281,32.21944243,3.468736722,37.44313277,9,1.310208105,244.3061696
20.82470173,47.56550895,26.17760644,4.050752994,1.381429892,15,1.680853274,250.7516963
2.228637166,6.443488514,17.82822854,30.53648645,42.96315933,14,1.094222071,220.0175244
55.98912892,0.323457815,11.80966486,6.017340417,25.86040799,14,1.410291697,271.5369967
28.90233214,1.842788698,17.79547714,8.201153165,43.25824886,11,1.522002053,267.4913956
11.92957816,13.070617,10.66706739,59.71224207,4.620495387,13,1.444405331,295.0387566
12.13178417,22.22422405,13.58001187,44.14184572,7.922134189,9,1.106637513,221.0435581
28.7177603,4.272433765,43.28502328,15.67105306,8.053729593,14,0.872685985,227.1091515
20.69066133,19.99403133,2.075945428,31.52007769,25.71928422,12,0.53773573,289.60687
6.208397992,18.78186255,37.75617846,22.33814317,14.91541782,11,1.12114785,262.6106502
7.311240783,17.71160276,52.58629796,20.93113913,1.459719374,10,1.553426211,204.6890937
5.932853917,21.28098034,0.953423288,43.22527777,28.60746469,7,0.862750205,315.3277034
1.443548098,47.98232412,7.990890837,32.98511515,9.598121796,10,1.410062954,165.0774716
14.49682026,25.08091162,37.13898012,0.857151373,22.42613663,14,0.914954241,289.2142377
9.848723363,20.23011458,20.37743958,30.16652794,19.37719454,11,1.231821773,186.7393982
2.818741924,3.906206384,0.844080542,15.76854004,76.66243111,12,1.412337484,344.2894258
1.914924291,45.54289263,20.59095765,15.80665647,16.14456896,13,1.002151369,172.7700137
37.72198646,2.433445125,15.12204428,25.70168762,19.02083651,16,1.251145404,307.6125326
41.81317374,1.753860301,27.43483579,17.85341916,11.14471101,15,1.075472599,245.918282
6.898868121,16.08523704,36.76178635,11.37052748,28.88358101,10,1.411544598,231.6698715
42.27327696,8.876985599,5.216387497,4.33056298,39.30278697,8,1.270595151,259.2698328
12.32644733,37.92652934,40.69424773,1.564037383,7.488738222,17,1.216952302,281.595017
7.468377253,18.4799042,3.636431947,3.350234526,67.06505207,17,1.667504988,204.7799749
37.42943118,4.573446417,11.97778236,10.08728859,35.93205146,12,1.398691843,209.2106137
23.75718543,4.552956397,44.70643062,16.82983584,10.15359171,9,0.99289444,282.4802433
19.90705975,29.11926706,17.76944172,11.710263,21.49396847,14,1.17424083,164.6328523
0.693186895,53.01536398,6.712649313,1.607638406,37.97116141,12,1.177230364,220.7885453
27.46152938,31.04724074,12.56318956,4.245475391,24.68256493,12,1.224095872,400
15.05729556,3.538628157,29.25376051,1.379663589,50.77065219,14,1.957352783,201.5993518
26.52978937,15.6980812,37.65064457,17.27306731,2.848417545,13,1.311255568,307.3901396
19.49916005,2.478440586,16.49444645,45.20896915,16.31898376,10,0.589229229,220.7024616
10.28350594,23.20674012,52.77032302,1.250501065,12.48892985,11,1.037160308,275.4522572
5.934343015,40.94707779,3.849456681,37.65525299,11.61386953,13,0.620288374,282.7177845
6.173525822,76.66846372,0.520466298,16.02895305,0.608591114,13,1.101060523,306.4478368
28.02403382,29.48209976,16.45796864,6.010962626,20.02493516,13,0.603806931,239.9873087
24.72200702,33.79785015,16.76777693,19.75011161,4.962254284,14,0.938522859,349.4442319
18.92745945,9.868498266,16.02219971,14.23432934,40.94751324,11,0.743783541,220.5331718
12.4000748,43.46894318,3.262601533,15.38659215,25.48178834,12,1.315248053,261.7110207
45.01556606,16.13028002,16.68816469,2.194216515,19.97177271,5,1.200161809,262.2638466
30.93415002,1.103340677,5.610511919,27.76190649,34.5900909,11,1.290888692,193.901594
20.40093074,40.2131129,16.48533876,5.851109701,17.0495079,14,1.168634583,235.7063873
17.33772404,59.11406489,1.423687486,14.15213717,7.972386413,11,0.781710675,258.075675
19.5513303,0.668341662,10.34032246,47.20635079,22.23365479,11,1.354056411,228.3939478
16.74152763,9.398324579,9.892412865,13.50317491,50.46456001,10,1.776667368,372.0461983
49.34602953,8.336937635,7.216351505,27.06284541,8.03783592,14,1.322763774,208.0688163
16.58701386,5.424089862,28.10563278,15.68349782,34.19976568,13,1.07222262,308.9712234
30.03949823,4.792134288,24.89326246,31.86558898,8.409516035,14,0.771579847,292.8229907
9.308188177,0.129476223,29.44977327,21.34659639,39.76596594,9,0.927579909,249.3068933
6.158972499,58.06153173,8.813222205,7.590993285,19.37528029,12,1.335911897,206.7395473
25.55160989,8.957191475,11.73417817,6.878389298,46.87863117,11,1.521935408,211.587234
30.48014024,12.86553958,25.96024678,27.60846087,3.085612531,11,1.278259852,224.101635
59.66350758,30.31139686,4.03019599,3.629121398,2.365778179,11,1.439966187,160.7129359
2.942816273,27.2463451,12.53135573,30.18218445,27.09729844,11,1.412303473,199.8267287
26.54746441,33.17484923,0.530047786,10.6901545,29.05748407,14,1.351960317,175.8761742
0.275076898,0.98245222,55.95315732,33.75412564,9.03518793,8,1.002457921,317.2937502
19.94251383,26.92514357,6.274513032,0.628477186,46.22935239,16,1.252177054,280.9231196
14.46718049,3.84709318,23.13247787,49.99120938,8.56203908,13,0.945486659,289.2987049
4.863071076,4.305592616,74.15515691,3.405617508,13.27056189,12,1.205228686,279.4415976
22.76515442,1.394401807,31.02971568,25.86077259,18.94995551,14,1.299259059,258.3483812
3.379002805,14.06510495,20.01933341,59.75273145,2.783827391,9,1.703635142,323.0340166
34.70368286,9.883988963,4.614229622,13.07121421,37.72688435,11,0.807080408,219.4618672
7.631949379,9.413579998,65.07240204,6.217570986,11.6644976,12,1.344452289,255.3334828
7.969186039,8.746940619,20.85677986,48.72176848,13.70532499,15,1.644370977,287.3529414
58.25327721,3.721183851,9.445986539,27.77450968,0.805042724,12,1.42765433,183.9395384
14.12274544,35.29862056,0.730335088,14.88687152,34.96142739,13,1.449883633,400
11.07300621,33.82224715,13.48305528,6.967666612,34.65402476,11,1.376308471,251.4282881
39.94103219,5.80058896,3.645099268,29.27995958,21.33332001,13,1.589500347,257.0994725
17.43555689,15.01321833,10.97504972,48.04691892,8.529256139,15,0.87375655,312.8439016
1.759183134,25.82215583,4.252603684,22.01280222,46.15325513,14,0.784222,295.7477667
33.0999847,25.14130738,17.11104749,12.57048275,12.07717769,12,1.198099758,251.903901
22.78340162,31.33650774,25.55772061,4.980828575,15.34154145,13,0.551651369,256.5064719
28.30916106,11.65402242,13.88332257,26.61509781,19.53839614,13,1.569193741,174.7925735
6.197640402,26.57551028,2.088320326,63.64915545,1.489373534,13,1.566214559,222.1767111
0.274980058,40.29807802,5.129360813,23.88225664,30.41532447,14,1.069994833,275.8605108
23.18973795,56.57259417,4.121999767,14.6640795,1.451588617,14,1.088768821,272.194642
11.71137438,42.24228327,10.27807544,20.05434944,15.71391747,12,1.178295757,311.0582875
13.76190727,47.82060617,0.760103212,11.30864775,26.3487356,13,1.215606195,243.9749471
30.78955805,3.835019312,38.55591654,18.92504826,7.894457846,11,1.238152176,180.6356743
23.18173997,9.040050798,33.19267851,20.10766372,14.47786701,10,1.367469632,302.8365215
0.148527964,16.45919941,6.485900329,71.25001159,5.656360714,11,1.148212094,321.8044673
13.37335289,28.86956848,12.13127447,9.348708375,36.27709579,12,1.482957991,294.9122286
3.445288839,2.216885088,17.22387971,47.17795623,29.93599014,9,1.333784333,241.8183165
11.83087109,17.95270832,9.789306688,59.21174704,1.21536687,14,1.017910966,302.2193026
20.26679132,40.18978765,29.50480321,3.683747117,6.354870707,6,1.6005338,400
22.5521512,1.572592798,29.8422093,22.66990169,23.36314502,17,0.792522904,255.7576157
2.439813239,29.21896398,26.30553515,41.05434964,0.981337991,15,1.172350257,184.4131654
0.590192997,11.78321042,4.06625448,20.63022326,62.93011885,11,1.49007522,220.6857475
19.27970975,72.34902408,0.009350344,7.162731725,1.199184096,12,0.983078069,281.2738
8.996611444,54.01888763,2.306851746,21.09255182,13.58509737,13,1.292866694,169.7597845
74.22875796,3.479558214,6.343931603,0.798330716,15.14942151,11,1.363001879,258.4701537
6.503516384,40.74948497,18.55596723,19.02416878,15.16686263,12,0.94184284,269.0168325
0.780830203,4.772057717,61.68554745,14.6139131,18.14765152,12,1.178256684,326.756087
70.31341039,4.412464765,10.47087096,0.126861985,14.6763919,12,1.153048851,315.5097428
2.151273883,11.97844111,21.15337415,38.83568395,25.8812269,12,1.034478644,293.2292396
65.15750048,1.29387846,0.286182262,25.28554809,7.976890707,9,1.890502456,141.8660495
12.68397275,17.43204801,13.6414882,31.07578215,25.16670889,12,0.971068094,296.0526564
25.6906471,39.94661415,17.51065281,10.35135822,6.500727716,12,1.501479088,285.2756693
9.422153057,29.671612,30.97401426,24.08991844,5.842302244,12,1.082159695,262.7972189
22.91835687,21.84946738,17.1101778,20.63204683,17.48995111,12,0.874009143,163.4888937
22.30009949,33.63355103,3.106813693,37.05178922,3.907746564,14,1.230844273,211.1613045
0.907694435,49.14252614,41.41953801,0.82065868,7.709582736,11,1.394728015,191.6588615
3.095829462,9.978028578,26.63277889,45.18474385,15.10861922,12,1.476152873,149.249578
7.06273456,14.9504046,6.04665774,38.90218584,33.03801726,15,1.668679533,249.8542424
24.8861759,11.96361695,10.57856649,1.035362096,51.53627856,12,2,210.1088939
17.25055167,11.33369038,18.35848677,49.22142221,3.835848962,12,1.275154261,381.265279
24.64330836,28.7954272,37.06235543,6.404421883,3.094487131,12,1.001072348,241.561403
17.66390175,15.28529263,7.316230623,35.28860598,24.44596902,14,1.335862298,314.6876578
33.81517542,0.549690199,17.38946762,24.24494504,24.00072172,11,1.120136115,171.5450488
30.12576553,18.10926372,36.45336195,5.609220448,9.702388355,15,1.477789839,223.4955207
2.015843994,0.992574434,39.03868812,15.10601935,42.8468741,12,0.810850711,254.8448938
4.915030437,0.729860513,60.54487295,0.208281671,33.60195443,10,1.910500363,204.5923026
2.355290464,34.71995207,31.86575944,15.14117028,15.91782775,13,1.456814428,228.8899658
0.055589649,43.52078627,21.83072785,23.41369153,11.1792047,11,0.694798795,239.1024547
10.7290493,56.86889989,8.745478361,20.99047643,2.666096016,13,0.987291329,238.3046007
48.87824274,2.90759897,4.882292056,15.6524612,27.67940504,7,1.444824313,342.7559287
14.08006782,3.850493096,0.013753665,20.63169964,61.42398578,12,1.552903217,268.9113143
28.19038425,10.46894185,39.74842907,8.954481012,12.63776383,11,0.818328712,273.9755281
16.78341357,15.36251714,38.63116622,19.36527658,9.857626485,10,1.413907755,276.9827387
18.27674605,2.355026771,53.56205767,15.99355045,9.812619057,11,0.615798038,280.6313189
16.21026993,17.46933518,21.31598798,10.70156016,34.30284675,11,1.17319924,245.8556508
27.97881143,16.7308429,10.25479812,3.677404817,41.35814273,12,1.533614053,233.9626814
6.371538417,4.503732912,11.60728823,1.163765318,76.35367512,9,1.034545281,258.340803
25.45119833,23.33813833,30.57526135,19.70113923,0.934262762,13,0.74792331,307.8401974
21.44039877,28.4964651,12.1991424,32.03800647,5.825987256,15,1.243864439,306.3119094
5.522793717,3.887423071,10.27288141,41.45740779,38.85949401,13,1.01858434,237.9800762
15.52743456,28.61759777,41.05091083,8.880984049,5.923072792,14,1.38886751,288.3921847
35.25450372,9.46799155,39.25824938,4.059566644,11.95968871,14,0.93440207,240.2707668
13.68251028,16.44956842,38.97316097,20.92551966,9.969240671,14,0.968208933,251.6935275
13.05269623,1.557865264,52.15968274,28.99372791,4.23602786,16,0.593699304,226.3238309
6.856514354,3.937632374,34.51610086,3.601583302,51.08816911,11,1.250983413,240.9177431
0.536280627,7.422831695,57.27504536,32.80520251,1.960639807,11,1.151728519,317.0665035
27.14795586,10.71538585,29.59015737,14.48262661,18.06387432,14,0.843484599,254.6210574
72.61314031,3.812224578,14.10136631,8.892915479,0.580353329,13,1.258139614,256.7641254
0.51464457,4.482449104,36.97434625,29.56570387,28.4628562,14,1.50812109,177.639111
0.683218831,13.37018698,54.55689241,10.6954928,20.69420898,16,1.135329617,234.5378046
24.30598982,24.60838253,11.76460336,31.34553763,7.975486664,12,1.280450085,237.9342548
49.43431047,6.186103694,7.40354871,1.229033951,35.74700318,13,1.281993375,208.5428257
10.42721539,5.027863077,5.094993309,44.76231297,34.68761526,10,0.838701052,251.0832706
15.00356814,17.8133706,11.96499456,9.247759394,45.97030731,16,1.816975746,228.5408855
5.592990283,22.58551613,17.60212907,28.72728797,25.49207655,11,1.058745051,253.9997928
35.1161107,7.234257515,34.54608982,13.32465472,9.778887246,11,1.396834861,256.0751505
1.541454827,33.07352891,12.82350967,22.65615712,29.90534948,11,1.430764583,202.2122821
30.26903169,16.92230858,13.06406181,12.54995608,27.19464184,11,1.158121462,230.0649109
13.69782045,37.94344675,41.6690495,3.751609487,2.938073813,11,1.382038508,253.8687141
26.02276431,9.370977664,0.490090598,57.38788688,6.728280547,11,1.273745767,309.2149716
45.33758465,21.63038384,24.61501471,3.850340639,4.56667617,9,0.774708073,262.8359586
39.78105841,10.19959025,19.683033,20.94409658,9.392221749,10,1.10031819,216.903241
7.686142227,52.00476427,6.123551872,0.966282177,33.21925945,16,1.016234729,269.950238
49.91495771,5.384913082,1.690696631,11.30912595,31.70030662,13,1.061476488,335.3774445
40.74641166,25.89848913,10.05975081,20.75183745,2.543510945,14,0.808799047,295.8353236
18.62207873,21.16572287,54.96276495,4.944095287,0.305338164,14,1.537930115,277.3763265
19.25264748,29.94494705,38.13912953,5.256128134,7.407147811,16,1.680597796,286.2795088
13.46008459,7.517603834,36.89314054,12.02439527,30.10477577,8,1.493400893,321.9977021
17.88764957,30.53129946,8.326004192,36.64747909,6.607567698,10,1.581158767,303.7813397
33.3389035,10.1639521,27.23923209,16.16484454,13.09306777,10,1.096609549,278.3380191
36.67969191,1.875945869,16.64713476,44.58104847,0.216178993,11,1.00912295,303.432111
25.08842527,6.092165685,0.863563189,10.77416378,57.18168208,11,0.966423886,195.9174452
0.315716254,23.64779297,18.56557816,55.13026694,2.340645677,11,1.393219477,174.8867374
14.34739774,14.29175703,13.86670135,35.77520087,21.71894301,12,1.268118916,257.8549325
1.986271621,29.5040016,23.50504701,17.19854834,27.80613142,12,1.176833487,253.4340355
6.401455106,7.476211912,51.17456794,1.225427901,33.72233714,11,1.588544563,222.8044973
14.82256829,22.14116733,40.16143705,10.12535636,12.74947097,8,1.321482406,291.2926335
9.622521139,8.576944326,47.44162833,32.25088127,2.108024942,10,0.948402709,156.8568207
6.031988093,29.43516718,5.4754482,50.88007219,8.177324334,11,0.995727351,223.2613872
25.31209884,0.24821836,13.03993884,38.73221194,22.66753202,12,1.40459799,225.7522228
46.35019467,25.08499427,5.384706967,0.563526803,22.61657729,10,1.512519856,168.1849107
22.52963471,15.98528569,1.273661974,57.42801275,2.783404882,11,1.36550407,324.7365504
19.21869064,35.60480183,4.01022706,35.64113511,5.525145356,10,1.769066624,182.0399366
44.42472751,3.915464679,36.36102098,0.652445603,14.64634123,12,1.69050215,220.5829971
24.52570674,20.98429454,8.168018203,39.48532819,6.836652329,10,1.33231075,295.3989879
18.03079678,6.542057784,69.78491256,0.650782632,4.991450248,10,0.948425802,282.3022672
7.27856928,14.02170866,6.948981478,17.73184845,54.01889213,9,0.807003746,194.5912652
34.85675602,24.28492795,2.609769962,33.15255705,5.095989012,12,1.083785476,284.1244605
32.4258049,6.045216654,11.33700578,9.065092597,41.12688007,10,1.425964034,264.4892239
2.880395966,17.75296538,3.26200476,25.97477821,50.12985569,14,1.747994124,366.6517781
10.82526444,12.71179423,49.79663887,13.97281257,12.6934899,13,1.32523411,270.1970208
19.45728856,26.33348665,2.547004433,38.77773575,12.8844846,12,1.550616838,242.9379089
2.346007176,48.18999723,14.77996123,3.304093429,31.37994094,10,1.126407754,207.1749021
22.34093439,23.03284144,33.30147828,21.30217479,0.022571105,13,1.386830738,212.7878317
10.64670317,37.98108064,10.15001516,20.47713774,20.74506328,13,1.447007049,208.7115452
4.485979052,23.19544018,6.910410919,6.174160735,59.23400912,12,0.606121717,318.5549407
14.23549112,4.1122266,15.06007408,35.20197661,31.39023158,15,1.075968359,250.8984958
21.29087257,16.8675873,4.018924759,27.14404002,30.67857536,13,1.484910115,278.2623562
2.590258726,1.677383612,44.55924817,24.32823902,26.84487046,14,1.282340501,325.71238
44.97720916,16.13495564,21.49929023,16.30149789,1.087047068,12,0.841045486,132.0767929
30.47147157,15.67295102,23.23098327,15.55209225,15.07250189,13,0.5,313.9436882
4.172830274,7.233073169,3.829706001,4.820460813,79.94392974,10,1.090265776,252.7698456
6.695185346,12.63841009,35.9775159,37.95273947,6.7361492,11,1.178524292,271.7524186
24.25294555,23.63149783,4.162446048,5.233348167,42.71976241,13,0.934823115,208.5798389
39.78697284,27.25610698,1.954529585,12.33912033,18.66327025,13,1.242925481,212.2437801
5.707638153,16.35358811,25.27108548,10.90673607,41.76095219,13,1.351916024,274.4422945
30.70026784,6.539917484,30.51340284,1.828947045,30.41746479,14,1.401206151,369.22989
3.852874219,2.012168681,23.86186308,14.84203718,55.43105684,9,0.5,300.1656656
17.94120189,13.45691224,27.61524804,24.19977043,16.7868674,10,0.805714471,313.2761461
14.01613307,16.88216269,22.70882402,42.71935674,3.673523474,12,1.108613205,240.3999365
14.61384201,5.818347589,13.11946683,7.500441979,58.9479016,11,1.371651939,219.9897888
12.83452559,29.95902411,17.7150398,22.93035305,16.56105746,19,1.346770204,210.9597524
28.85573667,13.61822121,21.71556578,0.959797677,34.85067866,13,1.341560984,225.5863138
9.134224392,9.675196598,47.41518655,31.48448657,2.290905898,12,1.084974617,147.3608783
12.10162633,14.50238018,11.75605638,42.11970004,19.52023707,11,1.101709969,213.7540329
14.63793288,33.06412713,28.27219245,2.44534137,21.58040617,11,0.981501219,221.9823422
27.49593671,16.78798484,2.46789852,32.12575676,21.12242318,12,1.430458238,241.2320913
8.845898786,36.22518171,44.80762069,8.572837331,1.548461481,12,0.923853364,256.5875055
31.26451697,0.16568248,45.79024515,16.35096641,6.428588992,11,1.455010919,268.1225434
17.09019296,0.546315982,16.21447249,8.948887774,57.20013079,11,1.262355971,249.2537314
8.221894355,33.94394824,40.25200643,15.97120419,1.610946779,15,1.186486656,220.9278457
1.122501306,0.789439812,39.72864096,11.31620981,47.04320811,15,1.00298688,151.8320678
16.35491081,17.45860314,20.81392326,36.12615467,9.246408128,13,0.793337442,221.2345696
4.375123874,27.40585605,13.36364598,19.71851771,35.13685639,9,1.005704173,201.3774681
13.61372229,19.3441648,15.69601357,26.89495585,24.45114349,13,1.100997939,273.3033374
15.07925553,22.42241791,40.81752965,11.17381663,10.50698029,15,0.5,295.4643698
31.0735295,18.78649653,1.583903466,47.88368625,0.672384246,15,1.140793453,296.9285534
20.21506922,20.83334724,44.82757725,0.815323885,13.30868241,13,1.47730721,287.8476368
22.03788401,15.84436965,3.73631271,32.64335254,25.73808109,15,1.370165372,243.3237132
1.777348843,15.25753484,21.55391408,23.46397971,37.94722253,12,1.051138237,223.9022217
8.611372769,50.01279144,32.78974175,5.749616499,2.836477538,13,1.21408089,212.6448623
13.59439993,12.22397421,20.38997209,20.82365795,32.96799583,11,1.033150629,174.6250542
10.64472125,1.652902083,29.16681413,5.533723415,53.00183912,13,1.24462822,299.592685
3.382619708,85.67055403,2.573910642,7.086280978,1.286634638,15,1.662032347,241.2644481
16.91301734,26.30257063,7.884576542,36.54116649,12.358669,11,1.490549641,187.6829853
16.53058125,31.04104601,5.854188167,7.271588794,39.30259578,10,1.356238292,208.6754312
22.54686535,36.56638874,22.63338148,1.32853165,16.92483278,12,1.052134526,206.6513272
7.11027122,63.21674998,8.618082079,10.88154063,10.17335609,12,1.424981518,252.1512243
8.62826201,1.733239648,50.22926094,36.06939843,3.339838973,13,0.693936915,303.3733926
28.47569188,18.66843462,9.991973682,5.565041843,37.29885797,11,1.124293955,232.6005225
32.76589076,21.58363951,25.58226739,2.597197411,17.47100493,15,1.375113426,137.3733243
4.815754453,5.226842906,24.21640985,54.17452808,11.56646471,9,1.422126364,240.5409832
3.455759716,15.52569481,30.41177035,20.47231497,30.13446015,15,1.400965347,242.190305
23.76977711,43.07944394,4.663848009,13.23240242,15.25452852,10,1.288449207,238.7539885
12.40864517,45.85929746,35.94064,2.503874107,3.287543265,8,1.141282506,218.6269417
6.02295543,4.674838607,12.98081058,31.71645394,44.60494145,12,1.361392791,260.871954
23.02929541,39.55934935,16.180189,5.074470641,16.1566956,11,0.914141688,253.3070558
24.34440214,40.77820099,7.464181478,13.80816776,13.60504763,10,0.946596821,248.7584843
46.46960102,8.509443474,20.39873313,20.14738091,4.47484147,9,1.218520403,270.6320681
12.32285418,32.64262734,9.365437016,42.16275844,3.506323018,12,1.251959293,228.5083588
0.753804782,21.72383277,18.40936313,47.98449063,11.12850869,14,0.652315446,225.6707165
35.84782585,22.78639731,24.16938587,10.9371402,6.25925077,13,1.336543914,319.0061645
49.67206308,10.30827039,14.0998215,10.76292369,15.15692135,12,1.431818513,277.9677705
14.78957849,1.143382742,49.71821084,13.66992127,20.67890667,13,1.176814429,291.347303
8.522927918,0.192978478,16.0031711,69.34042229,5.940500213,12,1.912339885,311.3052293
77.75505205,7.857761699,7.429392707,6.500791845,0.457001698,9,0.995119468,276.297209
29.23552682,41.15012443,18.8433684,4.125488728,6.645491618,9,1.091673851,296.419434
10.93045359,52.21697622,4.807071049,22.25338909,9.792110049,12,1.081479928,171.0327419
12.11882126,20.85985914,2.531659883,54.93486546,9.554794254,12,1.177143717,260.2076936
18.93917225,1.037400717,45.47341267,3.142405712,31.40760865,14,1.101382556,240.8640769
22.08144606,45.78409893,8.655353709,17.3104854,6.168615899,14,0.777956837,333.8842045
4.002673943,11.4963649,3.559351881,78.95397237,1.987636899,13,1.036035511,296.3822766
23.07528204,25.54090556,20.03252576,28.14803498,3.203251662,11,1.170713791,218.4777405
9.002393677,3.764201087,31.31181643,15.96288389,39.95870491,9,1.568571625,268.6397079
4.34946738,38.13892858,24.70619152,1.27455096,31.53086156,13,1.860672982,258.3840667
20.72017759,4.7946178,12.97853492,39.91502297,21.59164673,13,1.600642169,272.7165717
18.07936478,16.78435072,21.9122213,7.018641986,36.20542122,7,0.967386291,199.0578765
8.750603576,36.97027967,27.30435494,18.22265663,8.752105185,10,0.991257117,268.0008233
8.209024074,52.14467002,23.21336072,8.868631894,7.564313284,11,1.152201427,238.5924325
5.494358514,45.62247623,7.902541531,22.72768646,18.25293727,12,1.735367667,264.1224882
15.46977214,37.43186118,36.11459631,10.70732826,0.276442108,10,1.150372784,213.7807417
15.7716233,26.43915241,23.14857397,29.89339927,4.747251054,12,0.801747753,220.7468414
24.28873529,4.710507505,32.42618752,9.672183278,28.90238641,12,1.049646859,308.692101
1.348460289,14.40617707,33.56497565,7.073947924,43.60643907,12,1.427116801,197.4226221
25.63564988,22.78760011,11.22458474,16.94662538,23.40553989,11,1.406982083,201.1122799
22.2583842,41.70798215,19.7904752,7.86533154,8.377826907,11,1.139935,247.4209371
0.163836208,10.07796642,38.89881828,44.49154239,6.367836697,10,1.405024402,211.4054812
35.94070685,7.850802945,27.99278897,13.79901849,14.41668274,13,0.518048339,205.7485684
4.383288038,12.25294174,0.436653237,62.10215314,20.82496385,13,1.231148771,255.2537986
38.61784542,10.3468251,42.77429512,3.501354211,4.75968015,10,1.458205626,174.7467072
14.29942182,18.01206792,14.7091764,49.48105193,3.498281911,15,0.950141017,199.6018883
4.572521371,19.18682538,0.730625682,30.15450439,45.35552318,11,0.949098439,352.7047791
2.804399027,10.41110738,14.08734094,45.29502004,27.40213261,15,0.640065554,272.9737529
18.4943921,25.34476592,2.24575123,32.03916109,21.87592966,11,1.676968678,212.6718324
17.0263183,43.59176512,23.82353411,4.453751233,11.10463123,8,0.983953807,270.9107539
13.19243691,1.099861447,59.89274728,2.664965159,23.1499892,13,1.272312983,278.3665238
11.81881939,0.434885286,43.32536768,31.97922051,12.44170713,12,1.381175112,299.720721
14.10823545,7.036927376,24.50576854,16.00498148,38.34408715,12,1.653620385,243.6421985
41.62343195,10.49392765,27.06589568,12.90754965,7.909195075,11,1.153830668,298.8248851
37.97310139,12.55313495,39.96999992,6.788215849,2.715547889,12,1.038171062,148.0776738
24.62502113,11.27712873,28.0116143,35.38411733,0.702118504,11,1.251920295,197.1845935
17.1399057,11.58824434,24.24240992,38.90875957,8.12068047,11,1.585224083,258.1935701
16.93278928,25.66770088,3.004136724,35.00813761,19.38723551,14,1.148948241,266.4816766
69.26507427,9.620311613,2.654450785,16.37938186,2.080781473,12,0.913539276,204.4108856
56.89890215,0.643054455,22.82556738,12.13730847,7.495167545,13,0.737772658,262.9709996
1.461094723,20.87931797,18.87795181,7.073411093,51.7082244,12,0.833610785,218.8079876
7.984418984,13.15464291,17.28167089,2.325935884,59.25333133,11,1.459317449,236.1520453
17.5033296,3.141715458,18.27184195,34.19627556,26.88683743,10,1.103812657,301.23869
35.17391071,1.693014006,9.930744504,50.73274063,2.469590154,11,1.017743727,295.4468748
37.02804017,1.845229491,34.42718393,8.566461117,18.13308529,5,0.985209833,200.1469836
16.7766231,6.922071661,24.59723811,13.83193168,37.87213545,11,1.225513758,197.1374269
13.95231481,17.16336136,30.13265632,20.62537092,18.12629658,12,1.128163472,229.4413302
13.90740235,16.82780289,14.02971374,48.38525462,6.849826396,13,1.118060357,248.6626849
0.105210671,19.32073765,4.148492885,40.49582127,35.92973753,11,1.604797178,217.1050756
3.735773522,5.263825475,31.98691429,43.97051385,15.04297286,13,1.661404885,302.0321221
31.77312995,22.7586195,9.89218113,0.647224378,34.92884504,8,0.716993498,267.3694921
4.388143243,32.64683005,9.896422678,15.62012725,37.44847678,12,1.298277819,270.3042555
41.93552596,9.775966042,4.932009203,31.41070921,11.94578958,9,0.96694137,186.6730586
7.539151697,83.00669637,7.805419801,0.924376182,0.724355947,10,1.125524666,308.3645359
30.14121307,33.5479491,11.53322182,11.93886552,12.83875049,12,1.292783516,108.9915589
9.401937533,0.493978855,21.82963595,2.075965851,66.19848181,15,1.136184025,291.7027726
4.611178719,36.1811038,6.196226709,2.065910398,50.94558037,13,1.269137964,296.7155869
30.49895138,8.053041275,18.88609524,12.68951937,29.87239273,12,1.401891062,228.3799406
8.519515247,16.69712083,14.95597809,9.834119995,49.99326583,12,1.28837304,313.6455109
7.280085284,6.500020038,34.52563921,43.00673958,8.687515884,11,1.005949109,246.8451224
8.044337245,47.55861549,4.597650539,17.91942548,21.87997125,11,1.011240118,253.1215852
9.655465658,45.041774,21.67291748,9.946372412,13.68347045,13,0.768088411,266.9764394
23.66862281,17.9965996,42.32463014,8.857053319,7.15309413,9,0.943823911,400
6.877743824,1.101018852,1.256850837,58.33505464,32.42933185,13,1.788620509,317.2216954
16.31073775,14.39652223,28.56293979,9.880254474,30.84954575,11,0.962398928,285.05656
8.270227968,48.52172395,22.27152169,5.519998354,15.41652803,14,0.841986356,204.3597757
34.05139151,6.635183142,40.00509633,16.90396788,2.404361131,14,1.295978359,257.1794913
38.76915674,13.393929,27.35339244,14.71771744,5.765804381,9,1.166890572,209.3437953
9.65920852,15.13317382,43.33710842,3.931491303,27.93901793,11,1.141322029,291.1055424
25.96027008,11.17663797,26.96195006,5.1083435,30.79279839,10,1.62271379,257.0233488
24.71389882,0.874117784,48.35239329,13.49598059,12.56360953,8,1.364738003,193.773916
24.4018062,4.723806385,18.49014258,51.92867972,0.455565108,10,1.04100212,254.0562292
8.465287051,0.065275658,14.27265537,34.61160482,42.5851771,17,1.072657225,207.5291265
35.38053088,11.42582642,3.580483599,31.42189115,18.19126796,13,1.049224046,257.5608111
13.49494675,18.79014983,40.77274584,19.68451014,7.257647446,16,1.462421886,207.0461342
50.29966869,1.656485797,19.68023317,21.00917342,7.354438924,14,1.107555711,251.3743817
0.320362653,1.963590983,14.58213437,22.23362076,60.90029124,11,0.662053949,287.5234931
7.655493775,16.46924299,49.81650362,3.2906762,22.76808342,11,1.185504096,247.3474004
27.1201228,1.796917312,38.08585201,32.3419868,0.655121083,13,0.7388922,230.4555866
4.71529088,2.487157748,20.12365719,35.1487721,37.52512209,13,1.855269181,260.1638111
8.652676018,67.37963224,12.75687353,1.294908312,9.915909898,11,0.910299626,284.859131
21.93446164,15.19348717,9.267103005,4.077215973,49.52773221,9,1.15144057,194.6408365
64.12056483,4.611907511,5.544677044,11.10233501,14.62051561,19,1.27746082,263.0328077
9.370374841,44.30966517,15.45926956,11.27065581,19.59003463,12,1.113402552,315.877041
53.41287108,27.68326634,0.714324962,7.065834559,11.12370306,11,1.11299088,278.6828482
4.110314515,13.11136779,19.05045634,14.30571006,49.42215129,12,1.326548186,252.8877073
5.654910813,36.95264235,25.85882452,7.99165149,23.54197083,12,1.657864788,281.9868753
2.862298018,40.56399654,19.79377063,9.004186443,27.77574837,12,1.430252725,272.6248228
37.95771898,8.695322472,1.14184448,21.02862071,31.17649337,15,1.643554164,287.6800555
28.05098881,35.31371168,10.08805482,18.79066832,7.756576372,12,0.886014268,148.8034195
44.39363686,7.42180831,15.01849933,32.57257766,0.593477844,10,1.29520879,172.3271933
21.02661526,29.61028525,8.356153653,9.745688042,31.2612578,12,1.246573816,300.2414575
35.66825061,8.111495837,9.343885605,27.10936795,19.76699999,11,1.305327388,174.7360412
2.137153288,4.478829762,27.79835877,14.06944545,51.51621273,15,1.612869591,270.0769318
24.10352808,47.10394893,4.030354286,24.42422454,0.337944161,14,1.133763255,232.3975172
18.27333571,10.42029204,7.003784921,32.62378331,31.67880402,12,1.07834899,200.1905377
0.60260049,25.12396372,12.25286161,14.35485679,47.66571739,9,1.360194239,267.4824879
6.579333664,50.84109726,3.513017635,19.28299636,19.78355508,10,0.666539182,260.0516752
6.730786469,9.094559238,41.70278614,33.22778721,9.244080938,12,1.128944385,355.5171326
42.03341218,3.505070187,12.89043019,36.62183894,4.949248503,13,1.159740693,218.7594398
18.54011585,12.66131757,28.7647745,11.82673844,28.20705364,11,0.923892415,322.005506
12.33488351,13.98624218,57.52619355,15.67565415,0.477026606,11,1.517117703,267.6211457
17.8147412,32.66013778,21.98153429,12.13831049,15.40527624,11,0.881327905,216.9489059
64.45292663,1.32456773,15.33573876,4.644341798,14.24242508,12,1.159238085,289.9623229
38.29678633,6.819656467,9.481240113,39.78471861,5.617598478,7,1.287947168,278.2869252
5.127206093,30.00635794,6.591749849,11.14108123,47.13360489,10,1.606035468,251.7921647
4.761899016,9.123602446,17.23446516,26.01859752,42.86143586,11,1.19683307,263.3147678
52.14484224,31.63641794,5.47051317,0.530216185,10.21801047,14,1.480846078,220.1506484
3.524462636,28.61616299,24.98903221,1.038404364,41.8319378,10,1.410178619,208.7106437
9.23296038,18.27281065,35.58856064,18.11353174,18.79213659,12,1.237037267,287.9721087
1.349677474,10.20469284,28.78124217,49.05520693,10.60918059,12,0.873145978,238.8030288
9.989320877,21.98965104,51.86980394,5.633412364,10.51781178,15,0.769625742,245.9958501
41.36774609,24.48545522,3.050010267,25.71698767,5.379800747,15,1.23195162,263.9910798
15.84592935,16.71894967,46.37770073,13.78191788,7.275502364,12,1.037190938,263.2644172
7.992646287,63.10453396,5.707879916,16.88784375,6.307096084,11,1.475778328,178.5336765
30.16647673,13.07281114,8.791811736,9.106105416,38.86279498,11,1.423756955,314.3126043
11.42293253,17.91277271,32.18235822,32.8442242,5.637712329,12,1.144616702,256.0591076
49.71721589,0.411162928,7.719468381,36.91139532,5.240757477,11,0.852686123,239.8673369
9.109770747,10.29475347,27.0646922,16.47619762,37.05458596,13,1.353220665,271.5423003
34.09069641,16.96965274,3.461246043,40.83004607,4.648358737,13,0.894615166,261.8271097
11.98005949,6.954769034,61.13432172,8.909379546,11.02147021,13,0.972460823,288.3531345
7.519200831,6.972923784,19.53891912,35.76817075,30.20078552,15,0.906175279,276.8991836
5.001606236,4.62346093,55.44696091,0.135859936,34.79211199,16,1.158449693,285.8923114
4.131279521,54.56675125,7.769502467,10.76275764,22.76970913,12,1.5510577,317.5496953
25.82254721,11.15287297,23.52364058,38.24010353,1.260835713,14,1.198487739,294.1812274
0.536875261,29.2028371,6.739267443,52.03913782,11.48188238,11,1.067034392,241.975689
32.79649418,12.73595132,45.9819865,7.133652439,1.351915553,14,0.742315521,193.8549422
1.142546956,67.15167888,3.34120113,26.83327459,1.531298446,14,1.365637375,333.3898967
1.551898258,9.640095863,8.476712528,41.04968192,39.28161143,14,0.965878618,238.1138313
23.55591844,14.35393029,9.45284137,6.858508061,45.77880184,12,1.235255286,226.3446293
18.45554234,17.29067572,5.272095714,0.955625683,58.02606055,11,1.093734415,163.1636591
12.87474166,19.98629045,4.163808519,62.01694404,0.958215329,9,1.451453166,266.9236553
31.99883395,2.693507382,38.78463098,23.31677285,3.206254834,12,1.152829082,257.4443302
21.48843725,9.656652804,5.055964472,50.49019033,13.30875514,15,1.182322094,174.2442532
13.80958593,5.057517206,13.11941504,55.75797848,12.25550335,11,1.345724144,272.6637021
36.53013419,35.27776128,1.888254218,2.354385664,23.94946465,14,1.832082055,225.090404
14.93779324,0.131268369,9.583419387,27.26180357,48.08571544,14,1.466534079,384.5157504
2.810179703,2.299386627,50.09784074,27.30195558,17.49063736,11,1.173418168,221.5319404
34.97736723,13.36238193,33.89322662,11.09099858,6.676025641,15,1.200959397,228.2403334
14.81921927,6.176110379,45.21020974,4.880295866,28.91416474,6,1.042542162,206.2611888
35.36036351,3.622752884,20.94250555,7.42569701,32.64868105,10,0.915001289,313.8938261
19.46917921,44.39563216,20.48191702,8.415551157,7.237720458,10,1.034174764,231.3612103
12.62205526,32.08312046,21.16184301,26.57662456,7.5563567,10,0.968355311,213.7542923
8.732488225,0.603861613,22.6218543,61.09563851,6.946157353,13,1.396010515,285.3477505
0.293848709,4.959935217,28.17602582,25.24096107,41.32922918,13,0.878641543,180.9823532
7.181314361,35.36698082,28.55861963,9.558193678,19.33489151,13,1.599963168,281.2555273
3.023789153,11.43548821,40.43235343,10.3778002,34.73056901,13,1.425613915,339.0699858
27.97666381,6.68018147,27.28436796,22.11207378,15.94671298,10,1.206150519,278.3303916
9.207957622,38.95756502,5.459538498,7.515450243,38.85948861,10,1.200095583,281.8949158
6.499049342,46.328108,8.402808518,25.29458404,13.4754501,13,1.032815607,293.5030108
17.6486124,4.366360897,41.24400558,10.94570532,25.7953158,11,1.281025323,335.4854014
19.47296089,4.527178494,48.01650784,0.333975969,27.64937681,9,1.526427739,310.494698
2.89043594,13.32201974,52.40676378,8.425896258,22.95488428,14,0.989053061,271.9834861
9.079704692,8.772584888,34.14093702,28.26962879,19.73714461,15,0.739982373,295.19457
13.30236948,29.81525946,9.596839042,22.21870208,25.06682994,15,1.410965476,205.7032537
27.08701505,34.41480668,8.141290877,0.271577618,30.08530978,12,1.297309792,288.8146795
3.210249414,16.30369674,0.423924483,8.549638366,71.51249099,13,0.86394036,199.7222014
1.96026038,10.17915671,6.777454114,43.49353956,37.58958923,15,0.979982589,231.6488791
9.464623977,2.952701568,34.40251262,14.29835523,38.8818066,11,0.942268718,100
0.926645531,4.063913095,32.91246394,6.776013518,55.32096392,14,0.982640319,270.071483
0.699802623,2.81283923,75.8396763,6.577935804,14.06974604,13,1.102895174,217.8063994
4.403001628,20.54706617,28.26892243,8.242050153,38.53895962,14,1.120035809,305.5572608
28.24767546,15.05305502,24.91139846,26.26079364,5.527077415,12,1.004761903,269.5096305
14.5630595,11.88822175,14.47663225,40.45621316,18.61587333,15,0.972550854,306.2047947
46.66947253,5.75661188,8.896920129,25.60162935,13.07536611,12,1.131364697,195.8201728
8.81203565,0.609951109,5.658199408,3.513088781,81.40672505,9,1.25030746,301.9193019
7.592282362,44.44907234,23.22342165,8.585325412,16.14989823,15,1.105111039,355.2928172
36.84646833,43.12418874,3.508611793,8.326243888,8.194487241,10,1.547600107,288.207915
0.911511629,19.35087884,40.95095582,10.19812116,28.58853256,15,1.352426314,289.5174504
20.69346286,9.865320486,3.184600226,25.87677712,40.37983931,12,0.722746243,258.4798838
49.55777874,0.772117405,10.42787309,3.082081901,36.16014886,14,1.35711833,223.766561
26.4825041,2.196987193,34.16357815,15.20140043,21.95553013,14,1.381663195,288.0596186
53.93110047,1.325978954,35.12398345,2.04520484,7.573732291,13,1.06957951,174.6958545
26.80641357,33.27916798,9.925010292,12.67610937,17.31329879,13,0.751440724,229.1122438
36.99211667,2.679840751,34.36048805,13.57757817,12.38997636,13,1.202420028,161.4471599
6.875823207,8.874066522,36.17419343,9.906198257,38.16971859,8,1.197687405,214.8171811
3.801454661,24.6256243,31.98246654,21.73575449,17.85470001,12,0.863506129,282.1022546
12.70791608,30.13290146,26.33275568,1.992345844,28.83408094,10,0.764634235,275.2696688
10.51553335,5.756385454,40.09952773,11.12781215,32.50074131,12,1.173733936,252.5456848
12.21235909,0.157273214,27.32790358,4.218953505,56.08351061,10,1.130076842,258.5200497
11.2992553,20.50752016,3.184678999,11.81437905,53.19416649,10,1.07482039,155.7067691
2.527023713,16.01386396,38.33926032,17.50781402,25.61203799,15,1.17497678,231.371886
2.340582721,5.855732903,45.63166542,25.47189169,20.70012726,14,0.869167088,215.9324197
25.11259968,12.32135334,1.050164498,35.35562273,26.16025975,12,1.069553816,217.0470155
11.11306064,39.92929404,7.11228953,6.051336044,35.79401975,12,1.359997509,279.9789314
42.31545698,19.2023798,3.71823927,6.426651343,28.33727261,12,1.095008976,206.9746337
6.566789674,24.45701121,40.4492695,22.12377542,6.403154201,13,0.698408258,219.7659575
57.75220793,16.08768894,6.793254691,1.261870309,18.10497813,11,1.058192317,145.6465377
36.72104402,4.287907946,3.631842185,54.96163423,0.39757162,14,0.878952461,235.293841
33.38098077,8.399163605,0.827800835,54.13344862,3.258606168,11,1.280140889,195.6081226
58.82461454,23.47795605,4.941820242,3.754047646,9.001561522,11,1.295651221,253.9601464
2.36554851,45.66914663,21.23604748,13.41555765,17.31369973,12,0.702367612,202.4445977
29.83383354,27.26158785,14.18898631,24.3703057,4.345286596,11,1.427703891,255.2271123
13.41311586,26.58916056,27.31594627,18.37144704,14.31033026,13,0.86634411,242.765712
52.29776769,21.02165835,6.973113448,15.87080035,3.83666016,11,1.667754687,333.6020887
3.825859664,15.75055959,18.69611486,0.604438663,61.12302723,13,1.185367121,274.860899
11.7507469,22.93225219,2.028958614,5.079389045,58.20865326,14,0.82608195,158.0181064
8.19841148,26.22646771,58.41032636,4.063099942,3.101694514,11,0.857404179,186.7555578
15.4687845,52.07455876,7.861531557,12.54820858,12.0469166,12,1.304428588,252.7604004
10.28275429,20.00075381,41.92676904,27.28871545,0.501007407,13,1.082610033,203.5076026
12.7162301,4.83331124,8.215480783,73.07060721,1.164370662,11,1.171003827,101.5815785
9.59028789,14.31321301,37.07039877,29.51157041,9.514529916,13,1.68383407,317.4773157
4.0655213,6.123434073,15.82155506,7.167892302,66.82159727,13,0.990226781,286.0112008
18.07297622,1.756805062,37.88203389,11.56087712,30.7273077,14,1.217988857,276.0488437
5.870174201,15.13813648,26.47565837,47.09893387,5.417097075,11,1.625953346,219.6338477
6.72605498,10.29508652,43.2129198,38.21245171,1.553486983,10,1.281154043,271.3838386
9.289377472,44.92311353,7.402367548,27.83918419,10.54595727,11,0.718019179,214.7819838
9.101631386,26.88664597,51.54663854,4.235935439,8.229148663,10,1.351616704,260.242865
48.60362322,3.130830993,29.30993883,13.171289,5.78431796,13,0.851099143,203.9708387
21.05794442,3.227590137,48.56811716,11.90305921,15.24328907,10,1.622042259,325.8144225
2.867573637,44.43592751,15.11121541,18.86289322,18.72239021,17,0.953139719,171.4881673
22.4413518,9.08107729,58.04997904,5.770301175,4.657290701,15,2,311.6141915
40.20080767,7.604396098,11.8941973,20.93154516,19.36905377,12,1.640212796,251.9457914
25.46592893,20.17171273,21.35480464,25.85766444,7.149889261,14,0.961016229,225.5266502
5.396217669,7.991697588,5.095170589,58.18615669,23.33075747,9,1.206004142,258.3501461
28.53856756,0.889874586,6.936028419,44.38344363,19.2520858,17,1.426093284,286.6674004
15.87415281,40.65428157,27.79828247,5.058060236,10.6152229,11,1.435098142,318.3373368
9.693765101,22.71910808,24.97884824,32.87692841,9.731350177,12,1.332700878,265.6571512
39.66390099,3.9681275,27.88273932,9.570307639,18.91492455,8,1.575647711,205.4651957
72.39421279,21.39148104,3.859738495,0.740792496,1.613775179,13,1.163109316,252.7815062
0.168491418,2.349751749,5.501262361,5.024296283,86.95619819,10,1.089984699,340.8396618
8.348944683,3.115250625,18.02604142,44.6055061,25.90425717,12,1.095940804,317.3839043
7.267392266,17.06989755,25.97267848,26.95748057,22.73255113,11,1.45751197,295.4381739
31.28989551,31.20668915,13.2251234,8.590754345,15.68753759,10,1.309554312,289.784351
23.11479498,0.076847189,65.45599034,2.738477495,8.613889994,10,1.2873851,284.9725045
57.05332358,7.074769411,17.97612004,3.947042574,13.94874439,12,1.438570275,307.9377417
1.715831372,3.977700016,4.114796756,43.88546887,46.30620299,9,0.584684278,227.1685607
7.565847155,80.32803187,3.297004229,1.902360631,6.90675612,11,1.293020647,182.2456967
49.06289065,41.21498958,3.141972839,2.570136427,4.01001051,13,1.265570667,253.450175
20.11987862,23.41098926,6.95448347,39.23125849,10.28339017,17,1.700642424,209.1209207
34.22451576,14.33500707,7.686563519,20.91801443,22.83589922,13,0.741423605,197.2489622
9.201466952,11.12971847,73.68737208,4.826743302,1.154699192,10,1.66715599,213.9860712
8.671730786,23.1466626,21.16153353,36.10434665,10.91572642,11,1.222622739,374.2656962
3.781363458,31.86293057,54.04403638,3.513890228,6.797779366,12,1.346696859,256.8062317
0.150425537,10.9539296,26.4926546,13.50985073,48.89313953,11,1.702775636,268.0953918
0.804856447,28.84096076,20.7973342,4.663270742,44.89357785,14,1.36822838,188.8818596
4.912062298,31.83640242,30.75946456,20.50230203,11.98976869,12,1.320110487,157.8123521
2.959884135,17.57888242,10.21756993,36.38046379,32.86319972,14,1.272687356,209.0473678
28.64106577,0.177214358,19.64168756,33.06900564,18.47102668,11,1.05495656,321.9097793
6.256197962,3.802228019,0.944831305,44.4422793,44.55446341,15,1.191453263,266.7137733
54.38704371,6.366234975,5.05876152,12.28291596,21.90504384,12,0.98534617,279.9297546
34.9934129,20.59756077,7.050557024,12.77061594,24.58785336,10,1.18662993,286.928302
28.44231401,10.2977502,7.842623205,0.006651896,53.41066069,16,0.5,220.432531
5.6613896,13.43635544,17.00068355,39.50822232,24.39334908,8,1.32871187,319.3982792
46.49818139,2.37045932,5.479097295,28.63658949,17.0156725,11,1.163478824,218.35962
8.795280709,1.73994152,56.69385788,29.51891067,3.252009221,11,1.099138879,320.311618
1.012269696,55.44319074,17.20438381,8.132585045,18.20757071,17,1.265927425,272.1151078
34.03301495,36.49177867,15.66378469,13.54412865,0.26729305,16,0.769930823,160.5477423
29.84957123,10.5691863,2.595943949,28.81546762,28.1698309,15,1.778780999,212.5995257
30.5072507,13.96338213,41.19235128,1.891205889,12.44581,11,1.169169762,160.7530734
27.34747772,4.146684688,1.636427538,61.32634586,5.543064197,17,1.15624667,308.1641066
68.87147274,0.139138677,0.714886981,21.09837341,9.176128186,13,0.910381137,248.763229
42.51386836,30.27675795,2.928961018,6.445591774,17.8348209,14,1.207183915,138.582878
6.67676333,51.09921625,17.49526553,3.189917865,21.53883703,12,1.616087967,268.7873441
1.88389952,2.730757396,5.418804073,38.82736156,51.13917745,12,1.510774863,223.1417869
38.45649411,8.933755891,6.988853282,17.50430269,28.11659402,11,1.456331325,175.8097072
61.33733374,1.724844165,0.618051327,14.49301105,21.82675971,12,1.363919686,333.8982918
20.24102234,12.26134705,33.27764931,7.730879374,26.48910193,13,1.092437242,255.3642933
51.30144972,28.04344438,5.534702954,3.261042165,11.85936079,13,0.76495105,235.3284299
13.40128554,46.68434094,2.34105696,6.620436182,30.95288038,12,1.139688368,230.028761
4.701594608,18.22059331,23.06591503,45.90314481,8.108752245,15,1.129238561,174.3360265
32.81058454,9.880579316,41.4482702,10.50482371,5.355742236,6,1.514638332,184.772555
10.01776714,0.245750234,49.75251563,7.423622416,32.56034459,13,1.292817133,314.2458392
15.26559655,5.533248925,3.30495037,25.56925732,50.32694684,13,1.683693458,226.3058565
1.443510904,2.306310705,43.90117806,0.525262811,51.82373752,14,1.559246562,251.103385
0.08295203,36.86443091,6.542977922,49.71745258,6.792186556,12,1.063051317,147.7834762
29.01272943,2.278431679,7.579760366,40.58284208,20.54623645,12,0.661461241,184.0953982
27.11898665,5.772223898,21.01739376,6.14343196,39.94796373,14,1.61567257,280.490626
40.67892127,5.051293307,27.47010776,23.80597712,2.993700539,15,1.607815567,268.885588
31.25704053,2.409371537,57.86368696,6.124770686,2.345130287,11,0.790136523,337.6687599
6.779915517,11.40880529,25.60351216,48.52965807,7.678108971,13,1.652772006,317.1478166
1.923263011,42.65237437,25.68858462,18.32270315,11.41307484,15,1.314635151,238.4644514
12.91176784,7.649816275,26.17190018,14.52257771,38.743938,8,1.248205649,273.6476782
19.57107998,6.791513413,47.52446621,20.33013621,5.782804176,11,1.684434976,234.1698279
18.85760508,8.546534217,35.91578994,11.65701848,25.02305228,15,1.603405552,352.7404909
1.539976783,7.732954817,62.70828881,25.34590227,2.672877317,14,1.395399286,307.4507348
7.111790483,8.746552021,22.96702193,30.91809436,30.2565412,13,1.34196512,258.4842545
18.20904664,42.51779894,14.67295442,3.377117418,21.22308258,11,1.384918287,260.0197392
33.10929389,17.13764419,9.405666371,11.32426141,29.02313414,10,1.07998277,322.2425144
7.847807033,5.649371252,53.08655294,27.94108463,5.475184152,11,1.183469565,278.9788924
12.45234168,10.71530359,3.226029934,63.25543372,10.35089108,15,0.929304854,327.9314009
45.71069329,4.608804467,17.42709664,0.532462046,31.72094356,11,1.100088067,140.3176037
39.18418613,44.26306231,2.392757598,10.67994547,3.480048487,12,1.090009836,273.0614131
8.725983039,25.26859318,21.37306984,24.23931598,20.39303796,10,1.009408389,224.2282568
8.867381571,7.797211728,4.099303793,52.58510901,26.6509939,14,1.241023951,337.8188994
4.212710917,3.98068305,42.11934718,27.70677877,21.98048008,11,1.102805745,327.3199344
7.83576956,4.557136578,58.279873,23.93837633,5.388844532,12,1.350670416,251.6417905
42.57587351,32.2015787,7.97895948,12.58681517,4.656773142,9,0.713303816,326.7815489
1.329360169,14.48735331,3.515554168,19.36867662,61.29905573,9,1.165993562,339.155726
1.497568889,12.03517482,30.43080963,29.22583315,26.81061351,12,1.239465492,253.7203336
7.175376705,10.11129995,15.10825342,60.97155013,6.633519795,9,1.106811228,373.5966886
28.10787367,3.437925741,49.47871922,12.1538589,6.821622475,16,1.14828219,248.4329424
51.91413457,17.38141538,17.50490721,6.584491815,6.615051029,8,0.724426197,239.2739525
8.85754232,29.83740813,19.41534533,2.244128655,39.64557556,10,1.306943131,293.2936294
15.06726776,53.08753882,18.17190672,3.155010711,10.518276,12,1.394281795,232.3104634
68.88909421,1.889147549,0.989814257,9.130586427,19.10135756,11,1.348061188,254.2669888
16.49086269,19.63463946,4.363617139,32.87410907,26.63677164,10,1.511618118,320.4717212
31.48947808,1.241715692,7.29718179,44.87628887,15.09533557,10,1.260458882,250.9609426
16.09184039,33.66431235,26.9622603,8.945360289,14.33622667,10,1.343604354,165.2491104
17.06262946,35.34834727,25.07836055,14.44754972,8.063112997,11,1.246827222,268.3659694
5.59178286,26.04288712,0.492862234,54.43180744,13.44066034,16,1.406265216,215.185321
39.59243844,1.341872542,32.22172107,22.97123081,3.872737136,12,0.726831109,293.2635579
8.257937587,56.05018098,20.24989576,13.52831084,1.913674837,14,0.93192571,284.8094858
26.64000254,25.81736115,20.25422344,15.18775036,12.10066251,13,1.676069897,323.5700174
17.09805376,5.051522931,53.87506231,16.89001041,7.085350594,14,0.5,295.376615
15.32917676,42.04800762,4.524388166,8.893083426,29.20534403,6,1.157946621,304.5122142
10.52732471,43.67648164,3.882185558,39.94769241,1.966315684,11,1.551682488,216.545162
0.327737733,59.09399881,22.51787379,11.21368742,6.846702248,15,1.1720218,290.1993248
8.310102458,6.161110307,41.39588765,35.40268397,8.730215606,11,1.078496679,348.4225645
20.08171969,23.19295286,39.38401875,3.677162272,13.66414644,16,1.238826503,215.5675046
3.041956775,2.961688546,8.472370583,25.81407215,59.70991195,15,1.094063946,339.9869146
29.21370939,17.96581074,3.778033509,35.13129518,13.91115118,11,1.209254848,222.5324954
16.64946978,65.95400094,2.058836208,4.159420617,11.17827245,11,0.994985689,207.4014377
27.77293601,11.85553925,18.33428006,3.257900154,38.77934452,10,1.532602326,264.8100222
2.254108578,1.130607445,40.19903406,54.44379658,1.972453337,11,1.626979476,285.7955208
3.003339593,0.84161011,2.753607661,5.862080832,87.5393618,10,1.159982903,295.5875062
17.03727524,23.30333461,23.13576959,11.83855547,24.68506509,13,0.784053174,201.911879
19.67674716,8.203654718,17.8878192,16.56300076,37.66877817,9,1.042847049,271.7270049
52.81519347,6.986017494,19.02008865,1.386870296,19.79183009,13,1.144803402,215.7222714
22.91546876,1.983477163,22.27803793,46.55567782,6.267338331,13,1.351661663,175.5538872
37.10847901,1.164084345,38.28732527,17.6805326,5.759578767,9,0.897596033,203.5631842
11.33339345,30.88075125,21.04111042,25.47080283,11.27394204,15,0.969251304,212.4549817
10.47401174,71.88631633,3.768083882,8.469765657,5.401822392,13,1.353202841,276.079758
43.43820647,43.29825206,10.3731722,2.545580983,0.344788284,13,1.48167265,307.6106832
8.615748812,8.160732238,68.84300722,9.803056799,4.57745493,10,1.013521786,176.3396685
50.518406,15.3806476,20.81822711,2.289868389,10.9928509,13,0.800034884,267.5980537
38.00757019,11.72449642,5.56154305,12.93879688,31.76759346,14,2,191.1650907
5.645857295,12.40343392,56.18955664,3.336472675,22.42467947,12,1.434991271,281.4542705
23.51389292,28.08399508,10.67343756,9.292964031,28.43571041,16,1.119898871,218.8634709
5.380193857,12.05919125,4.620165196,0.184822492,77.75562721,12,1.460709383,197.4335491
10.6404328,65.62086811,2.846917065,16.66729035,4.224491672,14,1.162663011,289.9832258
26.6419885,26.13171135,2.038981446,41.49306085,3.694257853,13,1.460147067,220.6538697
8.718116488,38.96647716,19.65777607,28.80530185,3.852328436,13,1.247817959,234.2018024
4.052494645,7.579511399,25.21164932,57.24695622,5.909388421,9,1.227381569,139.0005456
29.94505067,10.85939117,11.59274979,30.12409672,17.47871164,13,1.16592544,297.3275681
45.37743645,4.601736494,42.3616052,1.802380046,5.856841801,11,0.7657856,291.0454261
23.95808317,43.32475323,6.536527187,8.89370121,17.2869352,10,1.78142847,250.2728922
5.699971791,39.96763435,35.6222755,3.764451413,14.94566694,15,0.917539824,173.6209529
38.27876944,10.56473211,25.74404449,1.322721973,24.08973199,12,0.791992927,310.4684589
3.641301971,39.02772401,9.654789676,7.268856373,40.40732797,10,1.136142035,216.6868307
1.360436657,13.35950193,12.21846112,8.864038037,64.19756226,11,0.911558456,227.3323275
24.0868845,1.144681718,21.7328964,12.98412179,40.05141559,9,1.184486163,365.6022028
11.71047315,26.63488752,21.67300154,20.98115549,19.0004823,15,1.406329155,214.8181778
4.021386035,24.62036207,10.48591889,55.59332505,5.279007953,11,1.49859087,287.1104981
12.94327924,31.85446359,12.27796177,23.11276159,19.81153382,13,1.444419216,278.1046131
17.42838508,35.78030141,6.632681051,29.93463385,10.22399861,15,1.108310384,269.5086096
14.18362268,7.822320912,5.518180509,3.261271906,69.21460399,11,1.214877548,264.1000271
0.956263517,0.572356564,3.147867873,45.53056154,49.79295051,13,1.322363715,268.8194281
14.86653076,29.63735117,3.363824737,49.97963454,2.152658792,10,0.672663773,263.5970295
3.492905343,3.899502391,27.89012884,49.75269339,14.96477003,17,1.37117541,247.4040821
60.4246829,9.033654109,2.584485753,9.943407958,18.01376928,14,0.762810214,325.5641562
38.4000938,13.20578097,19.36925496,6.691646393,22.33322387,12,1.81210398,184.366972
56.06783345,0.660950473,28.59732532,10.85669348,3.817197277,10,1.078645475,301.0729052
66.74320015,14.2246284,8.680486254,4.313905202,6.037779992,12,1.144537447,291.1171149
32.06088247,17.07983672,43.81478043,4.730197531,2.314302852,11,0.96908787,284.9199561
0.070571714,8.194229626,73.75091373,13.72257258,4.261712349,16,1.01100899,305.8489714
36.8290219,26.76313425,0.273176474,29.84953722,6.285130169,10,1.882228071,245.3700302
8.335861914,13.19317486,32.50350425,28.43946654,17.52799244,12,1.482110907,156.5512962
2.334357314,17.74124459,57.01348822,18.57719945,4.333710421,12,0.735239266,246.385367
11.67698578,10.20850025,6.112761351,33.3306838,38.67106882,12,1.65126387,200.4402891
28.74076591,26.8039084,8.129375121,9.426187855,26.89976271,12,1.557972683,213.4070395
27.77434332,15.44287917,30.29435338,20.51548403,5.972940103,12,1.115636261,187.8790163
33.14504136,35.86179411,4.639424947,1.252027674,25.10171191,14,1.292009083,226.1327571
9.019378525,18.97332957,2.515549021,9.735610185,59.7561327,13,1.195516776,220.1688153
65.41678556,9.302917057,16.41140963,5.7790953,3.089792453,13,1.791773971,131.1215085
48.59536611,10.68027314,7.826308192,14.53141504,18.36663752,6,0.961112943,285.0110956
48.30943541,0.490203561,6.078047159,31.27192349,13.85039038,13,1.243803183,361.0160929
38.53706983,10.43170343,29.88130815,2.14338101,19.00653758,9,1.071556401,280.3118597
5.22268433,61.46956425,2.311968338,9.786107718,21.20967537,13,0.770087879,239.8538022
8.128095583,9.053162539,61.58740143,7.943892519,13.28744793,15,1.857491477,247.2626802
1.6111153,53.04444385,30.00844299,14.86769643,0.468301432,10,0.845530026,228.9507066
43.13401633,0.613466764,0.057998572,46.10501512,10.08950321,11,1.266038756,254.5020792
11.42183542,56.78446759,2.958880603,20.15798932,8.676827069,11,0.677789818,248.1495953
23.99470376,29.96888755,35.30503852,8.146821997,2.584548176,14,1.080278838,207.9475785
2.001020514,13.56097532,71.19748599,5.995702815,7.244815362,12,1.326590646,334.1444194
2.053161888,17.96061756,21.99021327,19.8818033,38.11420399,15,0.952579806,175.6422882
20.90189655,4.529374441,10.71670406,34.06426183,29.78776312,13,1.376040555,285.9165772
12.76048311,19.35985703,17.0962909,35.92012933,14.86323963,12,1.119287672,244.9401186
26.2698821,4.982210604,19.75342771,40.50393796,8.490541616,12,1.548024754,345.0415908
38.99725454,33.3197581,1.584912439,22.49602479,3.602050133,14,1.608528274,267.04323
54.84293188,26.74307023,1.863227463,2.081298514,14.46947191,9,1.023976572,232.0047231
23.03765071,1.935258251,42.49135677,26.73167784,5.804056429,12,1.223019858,237.6146401
21.67324636,33.01021705,18.91487913,23.13582214,3.265835316,12,1.255036268,251.9953347
4.930704291,3.768962056,23.34349522,47.62236061,20.33447781,13,1.385804789,192.8604653
49.89507206,23.8189502,11.47535647,12.97844093,1.832180349,12,1.204314599,211.6565237
0.935370719,34.79565472,16.88613208,23.51236532,23.87047716,10,1.257063288,160.7528015
8.509876496,16.92352567,16.66826025,12.88065785,45.01767974,12,1.126978058,203.8511551
7.492943963,11.55801931,28.2100333,25.12395703,27.61504639,10,1.23457196,254.6953241
9.309937399,1.053382018,8.949930824,9.664704997,71.02204476,8,1.589382058,265.0087525
42.88468912,3.489007033,5.954368934,6.926773521,40.74516139,13,1.393824972,151.0335153
19.80544874,29.24921555,42.06721203,3.355700503,5.522423176,13,1.410376692,243.1394148
5.112316933,8.264801622,45.77679214,15.91996749,24.92612181,13,1.416921097,278.1704975
23.97175482,1.042124751,2.361260796,27.47529604,45.14956359,15,1.153857367,241.8543903
4.764596422,25.14621272,32.6997004,10.43043761,26.95905285,11,1.295648113,218.3105677
6.206797793,13.60279501,17.31582653,57.79312973,5.081450937,9,0.874447896,229.3919427
11.48276894,3.927371287,4.950747834,25.64207571,53.99703623,12,1.580642297,222.9618323
25.26782021,9.981846439,16.89703045,30.56382921,17.2894737,11,0.5,218.163472
6.719040532,33.63633723,0.198922779,19.57080227,39.87489719,10,1.173855482,258.6911763
7.750466203,23.14828529,27.6745608,26.64671365,14.77997405,12,1.542268793,365.3844114
10.25415356,43.55399746,34.23404981,9.337926396,2.619872768,11,0.79083962,212.8150042
4.928947631,6.549819039,57.83514385,3.508680758,27.17740873,8,1.319933975,234.0928684
28.91298962,7.20426384,29.77717293,28.2754785,5.830095117,11,0.995770066,247.415103
31.35550217,33.09653262,12.17215092,5.676625615,17.69918868,10,1.08935902,215.6322783
46.58916697,18.6951275,3.477800345,21.03067061,10.20723457,12,1.483782288,304.9117902
15.15986741,22.4265396,12.25032559,28.47845079,21.68481662,11,1.259417078,131.4557313
16.40260652,2.808246996,31.05574971,47.20265349,2.530743282,14,0.58969324,223.4470415
17.60714611,7.874558882,36.91612362,33.61100171,3.991169683,15,0.907072338,290.9156868
42.77329461,4.074443169,32.56941451,12.46201156,8.120836155,13,1.49260072,235.2952846
7.269022072,7.741634294,45.75901301,33.73588565,5.494444972,9,1.334682815,208.9580521
4.179458188,2.623598223,47.59599956,43.49643721,2.104506822,15,1.724440672,272.0378377
12.03739195,1.296304258,34.29510833,34.81752509,17.55367037,15,1.704794278,295.3171618
35.96454207,23.02297024,24.33375581,11.63687745,5.041854433,12,1.097326461,260.5317723
11.58177842,18.68536619,46.68635711,8.936344127,14.11015415,15,1.950971342,209.938982
11.01659684,4.630789207,15.50314756,44.78777276,24.06169363,11,1.207343901,272.810166
21.53257228,17.14147721,13.12730962,4.049772734,44.14886817,8,0.91119944,229.897535
11.77788135,3.946819816,57.14560114,7.96034146,19.16935624,10,1.00990804,287.2593441
1.924028124,9.885419465,12.75392925,3.751564371,71.68505879,15,0.522982468,324.1629442
36.34639035,9.363068116,41.5959499,4.807992349,7.886599287,9,1.682105702,119.7211622
4.023176718,23.86176148,13.40766303,23.39406727,35.3133315,12,1.678428597,255.5533737
14.84647823,18.58845044,51.50565168,6.6863207,8.373098947,12,0.895347768,163.2133032
36.04364586,26.92911708,5.604430313,13.44632564,17.9764811,11,1.131634713,372.0894293
10.03816978,3.625299204,47.68569008,26.52884983,12.1219911,11,1.228682263,226.5937733
24.60127709,49.12752632,3.160017873,6.220981488,16.89019722,12,0.911894084,287.3186621
23.49329493,0.540710202,60.56418433,8.884805159,6.517005373,11,0.673469391,248.234157
6.022936781,3.331888051,27.27127052,54.09034472,9.28355993,9,1.136892719,209.845771
42.71626369,24.35203405,9.200801731,15.72304529,8.007855237,12,1.103676171,203.8973476
21.40189201,1.564407633,31.17332505,1.419785301,44.44059,14,1.083476628,329.2839587
43.90958243,6.818213354,9.853542409,16.54041946,22.87824234,14,1.266814819,297.796903
20.53661689,54.41842669,21.43069388,3.460845674,0.153416868,10,1.628855898,347.1792044
1.717502896,25.30867075,52.42870469,8.967753164,11.5773685,9,1.109072184,252.7726668
3.331238872,16.79701087,3.277385329,19.81586763,56.7784973,11,1.2511329,264.3959811
9.568364609,63.54484895,1.044922993,20.68490324,5.156960205,15,1.418061157,236.6404217
21.83386931,9.575586769,23.47652559,27.15252349,17.96149484,13,1.366242878,235.6458898
23.12914595,54.34292559,11.07462357,4.622223448,6.831081451,13,1.015672943,197.9056534
46.49548954,20.48611291,14.66737078,3.916801214,14.43422555,14,1.228913137,254.2005095
5.295965332,46.52573996,34.96069939,1.421819883,11.79577543,13,1.364261946,210.5376703
6.319224858,13.10974143,51.90691975,18.5820827,10.08203127,12,0.861494599,272.0954461
6.298493858,43.54064008,26.47319995,17.05976741,6.627898692,13,1.579061703,258.5005109
7.258584261,57.36008328,13.0985026,9.13473488,13.14809498,11,1.629476672,264.3841022
36.85714563,10.14931133,4.806908932,21.46966474,26.71696937,9,0.983165923,333.756497
17.55530717,30.07725253,6.529288376,1.102690229,44.73546169,13,1.258101006,248.1141025
15.57761149,26.63410735,29.94458049,21.57563517,6.268065498,14,1.392683477,287.8363501
30.37677589,35.15420091,17.38181252,14.47568048,2.611530206,10,1.036315753,352.5754732
1.600918942,7.574188277,6.797052279,56.0806933,27.9471472,14,1.344484154,315.3308535
17.1242638,11.57531164,2.907999594,60.92934497,7.463079997,15,1.248976688,307.6584849
2.235182112,13.45672931,40.94326391,43.14688137,0.21794329,12,0.759624547,234.6655892
33.93262011,4.943540835,0.620422041,29.38062585,31.12279116,10,1.337748395,261.4821528
12.61352936,11.88226516,23.32810067,21.46352138,30.71258344,12,0.869957275,184.0861854
6.8116751,29.04583922,47.05896707,1.049007921,16.03451069,11,1.481760855,274.94572
23.91931036,16.92859092,32.78301495,1.98844157,24.38064219,11,0.998636677,263.7230089
32.9782327,3.868175783,8.953897819,45.18462495,9.015068742,13,1.15161437,251.1692563
10.15445242,13.29039074,16.76992979,22.875764,36.90946305,9,1.611683674,301.3597394
13.2189247,37.36966733,16.76285416,9.078565671,23.56998814,9,1.348914494,189.6112589
47.51949874,30.6770913,2.189542843,6.994889952,12.61897717,12,0.876157824,331.7431426
10.42097164,35.10964902,0.581010295,44.21429497,9.674074076,12,0.895525029,295.0882344
10.27281207,20.7780064,6.733783163,59.74517731,2.470221049,13,1.020209163,246.468301
13.57382274,43.72994273,22.09752535,7.986578301,12.61213087,16,1.318393225,242.5635206
8.873577674,26.20113887,16.17827592,3.032821777,45.71418575,12,1.307489944,274.0305608
0.171004118,1.364724878,84.57446391,10.83611788,3.053689214,13,0.947069309,326.0425616
7.990191818,16.39120289,38.71051078,28.89958921,8.008505301,10,0.849837154,255.0803859
7.430838427,27.68167403,17.92044266,4.145626662,42.82141823,14,1.284475022,257.2015451
43.73969304,2.287298169,1.26962199,6.541233145,46.16215365,11,1.14544198,250.9059239
5.10653356,18.01913345,2.462443941,63.80914602,10.60274302,12,1.847164766,339.1012056
40.18823252,48.78609345,0.103483714,10.50194143,0.420248891,12,1.210981097,231.5558449
62.9437822,19.21446954,2.048603659,3.07272852,12.72041608,14,1.744275848,248.5246201
43.20644153,18.10585944,31.01046619,6.999761786,0.67747105,9,0.848884921,323.1717827
51.58267208,0.244001948,41.55172362,6.478745763,0.142856597,7,0.728036118,257.3505417
13.19741007,44.49416166,38.06793638,1.981862414,2.258629473,12,0.86397446,306.852943
12.65641899,15.39742416,20.41725846,3.032332406,48.49656598,13,1.556738934,204.4359972
12.74669165,23.50672337,9.723461789,6.696726731,47.32639646,12,1.726830477,239.7353739
11.08152833,25.60890546,38.91074138,14.287729,10.11109582,14,0.965346164,324.2217019
0.457695962,5.315119477,29.17780223,26.78290614,38.2664762,13,1.061830191,216.1830142
24.19864947,29.69632907,36.30000791,6.925427862,2.879585691,11,0.849305727,242.435048
21.37326197,14.69943832,11.19970598,19.19218435,33.53540939,7,0.656508046,262.8342615
7.929443396,14.56032857,43.61790335,26.00482839,7.887496301,12,1.415523509,200.5422741
15.30125968,2.881594682,12.1566664,58.85974187,10.80073737,14,1.266906091,229.3094941
24.2671323,4.834115043,62.5003794,7.999277413,0.399095845,11,1.203146395,255.6318341
26.94357311,9.786803146,1.006763978,52.42739267,9.835467096,12,0.779983039,252.3340867
25.4999615,5.444578116,3.460306796,58.40697061,7.188182971,13,1.691987005,314.017601
14.67564668,15.02387633,13.11703116,39.27704397,17.90640186,10,1.048992979,327.0728597
7.963866964,30.54621814,3.076520654,12.10261926,46.31077498,13,1.360087927,207.1957564
11.60647851,20.0724318,12.53034369,21.6157263,34.17501969,15,0.763631578,255.563426
12.09936633,7.057988726,25.11697468,45.9419039,9.783766361,12,1.142842443,283.7124154
0.073473489,7.507959363,62.02053301,21.22633376,9.17170038,10,1.287412337,325.8173733
6.43323948,13.23889405,5.598046677,3.380180016,71.34963977,12,1.298122565,285.9245149
82.83193249,2.452925888,0.767160378,5.474383767,8.473597476,8,1.246394563,264.5456701
6.460903612,10.1122402,6.321198368,41.95780724,35.14785058,13,1.348356748,283.3271266
13.30042786,6.463894464,31.64129242,46.07712145,2.5172638,13,0.860843863,283.6884417
9.937985219,29.37191152,3.768558282,22.5869752,34.33456978,15,1.259211782,203.6142854
13.82056818,7.522136953,14.63601656,59.70281003,4.318468274,12,1.234127305,259.6399396
50.88957067,2.122538948,3.287864183,38.3961963,5.303829894,13,1.269501805,322.9580497
0.909747196,7.5739254,33.49370994,48.91532543,9.107292028,10,1.221703565,239.6321616
28.68148928,5.237089412,24.70734577,13.80160267,27.57247287,11,0.818036168,256.4723321
51.41148606,26.89891636,0.04155346,20.9817435,0.666300622,9,0.804660074,237.8741775
74.85249719,8.101548694,11.77932704,2.352142868,2.914484206,12,0.535719544,134.3070252
16.58394706,36.92212209,12.06123442,16.08437632,18.34832011,11,1.445260353,251.0295089
28.73248255,4.361426739,0.176635968,40.68727613,26.0421786,13,1.448297253,265.0895965
2.137687623,6.573977558,4.417257666,81.85000345,5.021073703,11,1.453065087,224.3753305
26.21249163,30.55409274,26.64449204,3.544450536,13.04447306,12,1.292036989,192.2681526
1.899885063,18.18018221,7.544212413,29.76989979,42.60582053,11,0.560064235,205.969677
19.42605369,14.56754878,12.53054864,47.14192072,6.333928172,11,0.891986852,288.2093808
31.00446708,33.14775351,12.71337516,8.255488941,14.87891531,12,1.251124625,348.6262387
8.349278038,4.011995334,10.09749307,17.68027172,59.86096184,12,1.240655401,319.121667
16.90714644,2.402096514,24.45602081,27.70254798,28.53218826,14,1.133175536,182.7826998
45.38642331,11.29455854,1.884437057,21.00744969,20.42713141,12,1.310675161,292.7313655
21.66742426,63.04166279,8.105145919,4.836517067,2.349249965,11,1.203495512,216.8418812
0.121127498,17.91323352,20.4132443,43.87075946,17.68163524,12,1.23623114,220.8866469
33.54694556,13.36572515,24.79248658,2.169180578,26.12566213,11,1.0082804,226.9012201
26.9981032,4.480832496,5.052762161,62.6820223,0.786279843,11,1.494603296,285.3033475
14.21452878,8.610634293,25.04245252,41.90167393,10.23071048,16,1.070768517,297.9626688
6.217154485,44.81483722,17.11023003,25.40708165,6.45069662,10,0.800805275,245.0984464
10.71912278,21.3357849,50.61074339,4.658455019,12.67589391,11,0.968700296,245.9464629
1.35640752,16.08221415,49.9025812,0.709267456,31.94952968,11,1.095460143,273.2131872
24.2419621,2.431804966,10.63883842,33.21182654,29.47556798,12,1.498200837,278.399727
8.812998045,3.47957421,5.282147754,39.84741327,42.57786672,11,1.1873196,308.8112853
34.53599119,12.61219858,5.729216493,26.76806846,20.35452528,13,1.144155534,185.7814012
45.2235635,20.17695781,14.3276805,12.03865799,8.233140197,9,0.825400973,251.001367
28.65361481,9.241949624,39.51194662,3.455794538,19.13669441,14,1.435644777,196.5987812
27.45403942,7.870412868,22.05452874,25.22407547,17.39694351,13,1.004414354,247.452886
32.78005477,0.222930503,13.80293425,32.80221928,20.3918612,10,1.169991642,238.6912356
6.264619004,13.48891013,6.451885672,31.34346597,42.45111922,7,1.644054923,247.6625273
7.941408443,16.14768776,24.45000516,11.3912603,40.06963834,10,1.352628999,210.0128556
41.04066076,1.858265824,26.97845246,7.458099195,22.66452177,12,0.711523786,175.6355103
49.22789079,33.0769679,8.116767036,5.396101911,4.182272369,17,0.669146929,145.2781237
36.71102887,5.857192778,38.47371591,0.064430226,18.89363221,13,1.180706865,243.4409923
4.416949859,63.09550541,23.10347533,7.651234356,1.732835048,8,0.836177816,228.4499447
16.17429866,5.339269965,17.09653309,40.11760149,21.27229679,11,1.394564024,216.2031168
12.86228472,9.971464539,33.55880096,34.40228668,9.20516309,12,1.212678919,316.1274231
12.6200666,21.28220981,7.140409201,34.98085071,23.97646368,13,1.249615431,207.0280907
2.723365509,5.500149165,16.31552111,54.58980595,20.87115826,9,0.987977046,320.8417041
28.08037955,10.16089541,20.7921973,14.55463403,26.41189371,12,1.722415097,331.1921872
1.09965987,14.40459671,7.436390131,8.365144849,68.69420844,11,2,152.4549767
5.288536892,9.774513836,18.69419692,52.11320147,14.12955089,10,1.116424583,254.6190729
29.52370068,42.06302696,8.043654063,10.81226569,9.557352614,13,1.305911775,230.0151755
42.85758,1.086719553,8.835008892,27.25378743,19.96690413,14,1.229225203,104.4098028
20.25710083,27.43815834,7.779241853,19.90945676,24.61604222,14,1.122093941,177.7679373
40.64538623,5.307486927,35.53706943,18.14917253,0.360884882,13,0.95037886,288.7468054
13.31664647,0.373787056,61.38715931,21.27855194,3.643855227,11,0.874509604,350.9599626
14.39707462,23.23763677,21.30035691,22.53089248,18.53403922,13,0.85932082,295.1339071
18.1709395,3.359497811,35.02271383,31.33029151,12.11655735,13,1.321572008,266.1816236
50.47509868,7.480607051,0.466981635,25.44198299,16.13532964,12,1.044097657,248.9333809
9.214324135,25.2640987,38.55722571,11.07351416,15.89083729,11,0.5,334.1331457
3.195620885,6.39657325,48.23832103,20.60993306,21.55955178,11,1.333457466,357.4119601
13.74203598,34.81061297,7.624898614,36.71337841,7.109074026,12,1.188521615,220.657866
2.209895477,13.43654981,8.807113568,73.65260916,1.893831984,17,1.6040019,150.000672
11.4298708,46.79860924,38.58274226,2.760658235,0.428119462,13,1.311936719,145.0906268
64.14087552,15.57546014,6.586694141,9.207121145,4.489849061,11,0.756397921,316.0940496
7.482340016,18.5249929,37.93072846,3.600283178,32.46165545,10,0.531097008,247.647073
4.24389271,7.926337154,1.240512946,4.969639965,81.61961722,11,0.984158285,259.1620955
8.284624663,1.088833443,43.25922154,28.44246876,18.92485159,16,1.012467774,160.4674504
33.96834833,3.116239503,22.68793385,14.67899228,25.54848604,11,1.48294776,212.3405544
37.85313217,10.10148671,35.35679691,7.228861043,9.459723165,14,1.19733872,235.2259593
2.580775211,61.80625948,7.7729318,16.61850572,11.22152779,11,1.540106549,260.3919192
42.11631287,5.341872071,19.73590948,25.31753786,7.488367708,13,0.802550083,230.0703981
7.97545474,23.12131214,40.97171478,23.60646914,4.325049199,14,1.489579315,198.1336901
39.63783907,8.866758655,15.52530121,32.19545641,3.774644655,11,1.416296746,210.7716504
28.34781562,16.74713491,41.3371307,3.485320122,10.08259865,11,0.594529767,310.4161643
25.85132253,0.280635932,1.719888134,67.39283417,4.755319232,15,1.596785352,262.239231
54.32741187,2.950622547,6.55877434,20.46458786,15.69860338,14,1.228037548,280.6078403
20.09016293,17.4265991,42.81150491,6.183102807,13.48863025,14,1.317613351,205.0563095
7.019198974,37.64792192,11.98192505,16.8767698,26.47418424,14,0.940531166,102.3088257
0.706108601,2.509592754,30.13661484,14.58027282,52.06741098,13,1.582574104,223.8447847
31.46647091,0.215739134,25.43508237,2.610224844,40.27248274,16,0.844244301,206.6714723
63.40561454,10.07311616,15.266486,3.602142769,7.65264053,12,1.449627606,267.4506134
45.44659147,4.295439157,7.234815283,13.82123028,29.20192381,13,1.446182243,400
9.62943325,53.66809702,2.026727727,9.463852491,25.21188952,9,0.907749772,284.7583009
15.15360616,63.19656058,10.6116536,3.4078346,7.630345069,10,1.79501208,386.798008
41.83955819,12.62571621,25.03931805,6.36390673,14.13150082,10,1.269458544,278.4384848
10.78727702,46.01563288,21.73934768,20.70824166,0.749500761,15,1.396167783,218.5056881
17.09065724,13.47969162,56.31876767,6.373743082,6.737140396,7,0.741863761,267.3958039
14.2757491,7.512926799,3.726404547,52.47335766,22.01156189,11,1.835319001,339.03193
39.78627602,35.81468569,6.671901489,15.97763009,1.74950671,6,0.832632918,341.4781298
55.28335061,11.60189759,11.20734497,8.077651722,13.82975511,10,1.50746593,221.2331316
6.40393201,10.37255038,35.53084732,39.68489617,8.007774116,11,0.901568485,262.6591848
12.16382336,39.77699417,1.039777225,42.26517185,4.754233399,15,1.014303359,178.536656
23.24525043,17.89345824,16.48977925,40.1776476,2.193864473,13,1.436626213,291.2334312
9.002254766,16.32106277,35.2202199,5.151679043,34.30478353,10,1.508265814,327.667735
17.23184595,7.071455782,48.0558819,3.218546218,24.42227015,14,0.818614725,251.9899727
2.394593979,15.98784016,33.33882482,29.46452088,18.81422016,12,1.527141651,216.6307973
8.771550942,4.025070538,9.52498701,47.93942068,29.73897083,12,1.513494149,268.0065476
3.551934682,0.684312051,61.36009599,16.93351498,17.4701423,10,0.918613977,270.8729516
21.27879038,5.299130006,9.221693325,48.56175818,15.63862812,10,1.679594278,254.0571916
7.121862419,6.099806764,9.747923219,62.09455862,14.93584898,10,0.762942712,258.9357562
0.640922957,85.53747017,5.513259262,0.284702533,8.023645083,12,1.012568225,241.3092575
4.413305457,9.030152679,41.68592129,34.81485912,10.05576146,12,1.343700787,299.7977464
11.83268929,18.10597988,6.238624093,1.198475019,62.62423172,15,0.943930115,286.8113723
11.72537561,12.54766648,36.28647003,38.38478543,1.055702452,13,1.279145726,200.8448426
6.168752079,18.30272777,44.35062334,9.990511883,21.18738493,7,1.272322824,199.4704698
19.31455085,52.01078017,9.352670749,3.39762187,15.92437637,13,1.143877719,237.2812791
65.56353469,5.55612563,26.39387607,0.856753587,1.629710014,9,1.449720162,286.8418562
14.97285957,8.037834335,42.33441841,20.92159824,13.73328945,10,1.131491762,257.4028707
5.313092815,6.970597977,0.41843881,22.63542643,64.66244397,10,1.269462321,217.8424795
7.561728548,4.84321853,5.852226828,40.84835336,40.89447274,11,1.543941563,263.0759298
31.44779102,23.27017194,9.973003144,15.84526907,19.46376483,9,1.437205863,233.459474
16.92292629,15.19632882,24.38369645,19.18984055,24.30720789,12,1.435805187,294.024323
18.50889686,24.77266755,20.07927908,14.30523786,22.33391866,9,0.855246119,266.6529218
23.05462042,10.68493421,0.054816514,31.70657932,34.49904954,13,1.357437773,234.2360906
74.13270616,9.296368198,10.38423717,4.670890921,1.515797547,16,0.936450363,261.5759386
32.8645787,6.370399395,20.81954805,25.81418639,14.13128746,9,0.815575506,315.752403
28.8194691,8.087777154,4.623443017,31.20734799,27.26196274,11,1.178488096,221.5184962
4.243542109,0.622979089,2.233264758,7.996600395,84.90361365,7,0.928711444,270.1328491
18.32084699,10.46946657,49.19993215,13.5242969,8.485457384,11,1.437185316,246.476983
31.98717248,21.37684384,20.94642124,8.104440183,17.58512226,13,1.444360638,271.3491842
2.783914102,11.99257799,58.1054002,4.842716048,22.27539166,13,0.629212129,217.2717529
20.20305808,1.217055918,43.13900262,5.531250993,29.90963239,12,0.951509238,255.5167717
2.37899965,77.9643201,9.162479445,6.821202324,3.672998481,14,0.762063998,305.3911641
42.5945337,18.16054711,19.75151019,10.09780273,9.395606271,17,1.061211217,203.1496509
1.768210788,12.44901356,4.301970579,57.32235635,24.15844872,15,1.336552701,183.5297448
20.68365837,6.371394244,59.74118796,5.054072996,8.149686424,11,1.127313571,185.4272218
7.755851375,26.56350412,50.47867482,12.31467063,2.887299063,9,1.023072228,191.4668735
11.47343659,25.32579967,4.603082711,4.562081699,54.03559933,11,1.590052958,279.7661644
31.35600944,47.3307506,16.76907408,2.120758601,2.423407288,10,0.508542848,179.7070157
6.135351436,5.649417542,46.2616173,22.96013417,18.99347956,13,1.571061568,235.1052328
3.119354415,36.42694895,26.67574482,2.709230468,31.06872134,10,1.036713512,280.9144652
12.07367414,3.203776466,40.63281645,40.30020265,3.789530294,12,1.176567297,270.832953
4.797759062,61.6712106,14.17590852,16.3635531,2.991568714,14,1.041790999,230.722051
6.990294759,27.61834538,24.38161691,22.7689794,18.24076355,12,1.662866432,259.5461866
22.51705648,10.47131124,45.20617645,5.352864015,16.45259181,10,0.830706451,255.3572665
0.225587291,10.78017116,0.942537351,62.40450866,25.64719553,14,1.203520911,238.7879522
20.44013744,2.748388029,27.23822982,43.15176145,6.421483263,8,1.358231596,239.4582641
10.87248822,21.79053402,18.92866096,21.03146352,27.37685328,11,0.71669917,361.7713717
40.2541034,7.542751819,12.19892379,22.68021867,17.32400232,12,0.924030549,290.4655452
83.26893318,0.212046085,6.754771223,5.079922075,4.684327434,12,1.15554644,374.0325459
6.123268269,30.03999273,2.154574957,32.92083221,28.76133184,12,0.93400049,225.1518434
5.662968168,5.716170385,19.43865935,28.16637398,41.01582811,13,0.955322469,245.7516702
18.7816512,32.90688265,8.55623406,23.51400675,16.24122534,12,1.095041201,183.3937117
28.55109736,0.148356857,42.85955261,8.138717248,20.30227592,11,1.394874399,209.5216599
9.492860236,35.17140351,22.09805017,24.05976454,9.177921536,11,1.097184667,345.0956574
52.79965819,0.299179813,12.0731925,6.17537015,28.65259934,11,1.523527858,223.8982855
11.9738954,12.23448007,27.34995342,43.16355997,5.278111134,14,0.900672665,345.964065
3.485626737,5.127914482,65.74238118,9.140503898,16.50357371,11,0.824423322,187.831887
16.30530801,39.76500613,4.541804113,2.085427157,37.3024546,14,1.777903622,197.3265483
6.994804204,2.024501693,16.00154412,68.05307172,6.92607826,12,1.002612562,232.9384389
12.219516,41.11436947,22.21530456,7.768204106,16.68260586,11,0.806726398,246.8125039
7.166607635,37.50808088,17.10107737,9.185025554,29.03920856,13,0.677383817,296.1543646
4.899826981,41.89102333,21.25778052,26.42922863,5.522140541,11,1.522531036,272.5385209
2.658016102,15.4594432,74.1551762,1.786691179,5.940673319,13,1.097608646,229.1842371
37.25463956,1.37260603,38.17835721,13.59379529,9.600601908,12,1.123887079,243.3342097
8.17041092,7.772787006,8.046908302,47.64472584,28.36516794,11,1.152239487,234.046854
24.1513975,34.9510481,6.47948197,20.98207142,13.43600101,13,1.503882865,204.2673132
27.33940642,6.631666437,18.47113562,38.33734781,9.220443714,13,1.14614105,205.6018532
1.288365508,13.56244093,7.934537382,20.84383249,56.3708237,14,1.903216134,301.3941946
24.11107148,22.76711159,38.55506989,3.962625813,10.60412123,14,1.240128172,158.5917536
50.13710605,22.115118,0.270037279,4.567554864,22.91018381,13,1.51853543,330.8679349
20.35499596,25.79130262,4.865669278,37.65213652,11.33589562,10,1.441571957,232.8502887
21.05900039,16.03785002,2.312546323,58.27532856,2.315274697,17,1.189065804,211.3745697
5.364607836,30.63292945,17.5755139,33.2051719,13.22177692,9,1.023908704,286.9879645
8.995361965,48.45707465,0.701948518,36.85694242,4.98867245,14,1.299589179,324.2608292
32.91365316,2.612018449,15.12644188,38.16751231,11.1803742,13,1.353029619,305.8816221
18.23839959,21.69857029,17.7205462,34.47530988,7.867174034,10,1.028224186,275.0926025
12.73337977,3.281555741,18.95402207,10.35188253,54.67915988,12,1.24990166,304.3431745
6.915239045,1.342870794,1.239448087,60.23295694,30.26948513,12,1.570861493,164.1751211
5.795767537,29.3706775,0.95156422,51.35861963,12.52337111,15,1.820984322,223.9084729
3.810341566,21.36603188,27.09562123,10.54581536,37.18218996,11,1.456310796,204.441497
14.87949656,29.7707404,8.93928677,21.56905477,24.84142151,11,1.758827906,311.2319366
40.36342172,1.314889782,9.014924083,12.28957621,37.0171882,7,1.011187737,230.8260991
38.30299482,8.829257186,22.28397797,9.756360008,20.82741002,15,1.410564676,292.2703278
37.25346751,2.520682022,15.58756969,31.541604,13.09667678,10,1.601555853,276.7928471
5.921461008,15.97057972,50.25911957,0.660244487,27.18859522,13,0.9311,206.8846532
13.57921036,35.17662659,28.25899174,15.20636646,7.778804852,12,1.054322966,220.6520895
3.635168599,12.53620438,23.06331947,35.95818456,24.80712299,12,1.721371429,314.6908845
12.27963155,51.74850719,22.8204303,0.522755023,12.62867594,14,0.907470343,211.2258676
2.064124005,31.77500569,5.137820763,5.755582849,55.26746669,15,0.79766099,256.2433805
45.14711924,0.912472784,31.62814104,12.03487984,10.2773871,13,1.658394472,210.8729357
2.228623478,24.85706322,5.80037155,12.38545211,54.72848964,13,1.559028967,234.3023907
9.841517661,44.07678879,12.27941055,9.069031981,24.73325102,13,1.329636073,247.6919028
